"year","period","periodName","Employment among men 55+ (%)","Employment among women 55+ (%)","date"
1948,1,"January",68.9,15.8,"1948-01-01"
1948,2,"February",69.3,15.9,"1948-02-01"
1948,3,"March",68,16.7,"1948-03-01"
1948,4,"April",68.4,17,"1948-04-01"
1948,5,"May",68.1,16.8,"1948-05-01"
1948,6,"June",68.6,17.3,"1948-06-01"
1948,7,"July",68.2,17.5,"1948-07-01"
1948,8,"August",68.4,17,"1948-08-01"
1948,9,"September",68,16.8,"1948-09-01"
1948,10,"October",68.4,16.6,"1948-10-01"
1948,11,"November",68.1,16.3,"1948-11-01"
1948,12,"December",68.3,16.8,"1948-12-01"
1949,1,"January",67.4,16.8,"1949-01-01"
1949,2,"February",67,16.8,"1949-02-01"
1949,3,"March",66.4,16.5,"1949-03-01"
1949,4,"April",66.5,16.5,"1949-04-01"
1949,5,"May",65.5,16.7,"1949-05-01"
1949,6,"June",65.7,16.4,"1949-06-01"
1949,7,"July",65.3,16.7,"1949-07-01"
1949,8,"August",64.7,17.4,"1949-08-01"
1949,9,"September",65.1,17.9,"1949-09-01"
1949,10,"October",65.4,18.1,"1949-10-01"
1949,11,"November",65.6,18.2,"1949-11-01"
1949,12,"December",65.6,18.1,"1949-12-01"
1950,1,"January",65.4,17.7,"1950-01-01"
1950,2,"February",65.2,18,"1950-02-01"
1950,3,"March",64.8,18.2,"1950-03-01"
1950,4,"April",64.6,18.3,"1950-04-01"
1950,5,"May",65.7,18.3,"1950-05-01"
1950,6,"June",64.9,18.4,"1950-06-01"
1950,7,"July",65.4,18.3,"1950-07-01"
1950,8,"August",66.1,17.9,"1950-08-01"
1950,9,"September",65.7,17.8,"1950-09-01"
1950,10,"October",65.1,17.8,"1950-10-01"
1950,11,"November",65.2,18.3,"1950-11-01"
1950,12,"December",65,18.1,"1950-12-01"
1951,1,"January",64.6,17.9,"1951-01-01"
1951,2,"February",65,18.5,"1951-02-01"
1951,3,"March",66,19.8,"1951-03-01"
1951,4,"April",66.4,18.5,"1951-04-01"
1951,5,"May",67.2,17.9,"1951-05-01"
1951,6,"June",66.8,18,"1951-06-01"
1951,7,"July",67,17.8,"1951-07-01"
1951,8,"August",66.8,17.8,"1951-08-01"
1951,9,"September",66.2,17.7,"1951-09-01"
1951,10,"October",65.7,17.3,"1951-10-01"
1951,11,"November",65.8,17.8,"1951-11-01"
1951,12,"December",65.9,18,"1951-12-01"
1952,1,"January",66.4,18.2,"1952-01-01"
1952,2,"February",65.8,17.9,"1952-02-01"
1952,3,"March",64.8,17.5,"1952-03-01"
1952,4,"April",65.1,17.6,"1952-04-01"
1952,5,"May",65.4,18.5,"1952-05-01"
1952,6,"June",65.6,17.6,"1952-06-01"
1952,7,"July",65.2,18.4,"1952-07-01"
1952,8,"August",64.8,19.1,"1952-08-01"
1952,9,"September",65.4,20.3,"1952-09-01"
1952,10,"October",65,19.9,"1952-10-01"
1952,11,"November",65.2,21.3,"1952-11-01"
1952,12,"December",65.3,20,"1952-12-01"
1953,1,"January",63.4,20.1,"1953-01-01"
1953,2,"February",64.5,19.4,"1953-02-01"
1953,3,"March",65.8,19.4,"1953-03-01"
1953,4,"April",65.2,18.7,"1953-04-01"
1953,5,"May",64.5,18.7,"1953-05-01"
1953,6,"June",64.5,19.9,"1953-06-01"
1953,7,"July",64.2,20.1,"1953-07-01"
1953,8,"August",63.8,20.4,"1953-08-01"
1953,9,"September",63.5,19.1,"1953-09-01"
1953,10,"October",64.2,19,"1953-10-01"
1953,11,"November",63.7,17.8,"1953-11-01"
1953,12,"December",62.9,17.6,"1953-12-01"
1954,1,"January",63.5,18,"1954-01-01"
1954,2,"February",64,18.2,"1954-02-01"
1954,3,"March",62.9,18.4,"1954-03-01"
1954,4,"April",63,18.8,"1954-04-01"
1954,5,"May",62.4,18.8,"1954-05-01"
1954,6,"June",62.3,18.6,"1954-06-01"
1954,7,"July",62.1,18.6,"1954-07-01"
1954,8,"August",63,19.1,"1954-08-01"
1954,9,"September",63,19.4,"1954-09-01"
1954,10,"October",62.9,19.6,"1954-10-01"
1954,11,"November",62.4,19.6,"1954-11-01"
1954,12,"December",62.1,19.7,"1954-12-01"
1955,1,"January",61.3,20,"1955-01-01"
1955,2,"February",61.3,19.6,"1955-02-01"
1955,3,"March",61.6,20.2,"1955-03-01"
1955,4,"April",61.8,20.9,"1955-04-01"
1955,5,"May",62,20.4,"1955-05-01"
1955,6,"June",61.7,20.4,"1955-06-01"
1955,7,"July",62.6,20.7,"1955-07-01"
1955,8,"August",62.4,21.2,"1955-08-01"
1955,9,"September",62.5,21.2,"1955-09-01"
1955,10,"October",62.2,21.7,"1955-10-01"
1955,11,"November",62.7,21.8,"1955-11-01"
1955,12,"December",62.6,21.8,"1955-12-01"
1956,1,"January",63.1,22,"1956-01-01"
1956,2,"February",62.8,21.4,"1956-02-01"
1956,3,"March",63.3,22.1,"1956-03-01"
1956,4,"April",63.2,22.3,"1956-04-01"
1956,5,"May",63.1,22.6,"1956-05-01"
1956,6,"June",63.1,21.9,"1956-06-01"
1956,7,"July",63,22.3,"1956-07-01"
1956,8,"August",63,22,"1956-08-01"
1956,9,"September",62.8,22.2,"1956-09-01"
1956,10,"October",62.7,21.6,"1956-10-01"
1956,11,"November",62.5,21.9,"1956-11-01"
1956,12,"December",62.3,22,"1956-12-01"
1957,1,"January",61.7,21.8,"1957-01-01"
1957,2,"February",62,22,"1957-02-01"
1957,3,"March",61.8,22.4,"1957-03-01"
1957,4,"April",61.5,21.5,"1957-04-01"
1957,5,"May",61.6,21.5,"1957-05-01"
1957,6,"June",62,21.8,"1957-06-01"
1957,7,"July",61.2,21.9,"1957-07-01"
1957,8,"August",60.6,21.4,"1957-08-01"
1957,9,"September",60.7,21.4,"1957-09-01"
1957,10,"October",60.5,21.4,"1957-10-01"
1957,11,"November",60.4,21.2,"1957-11-01"
1957,12,"December",60.7,21.7,"1957-12-01"
1958,1,"January",60.2,21.5,"1958-01-01"
1958,2,"February",60.2,21.8,"1958-02-01"
1958,3,"March",59.7,22.1,"1958-03-01"
1958,4,"April",59.5,21.7,"1958-04-01"
1958,5,"May",59.7,21.7,"1958-05-01"
1958,6,"June",59.4,21.7,"1958-06-01"
1958,7,"July",59.1,21.3,"1958-07-01"
1958,8,"August",59,20.8,"1958-08-01"
1958,9,"September",58.9,21.4,"1958-09-01"
1958,10,"October",58.8,21.3,"1958-10-01"
1958,11,"November",58.2,21.9,"1958-11-01"
1958,12,"December",58,21.9,"1958-12-01"
1959,1,"January",58.3,22,"1959-01-01"
1959,2,"February",58.4,21.1,"1959-02-01"
1959,3,"March",58.7,22,"1959-03-01"
1959,4,"April",58.8,22.1,"1959-04-01"
1959,5,"May",58.7,22.4,"1959-05-01"
1959,6,"June",58.8,22.5,"1959-06-01"
1959,7,"July",59.2,22.5,"1959-07-01"
1959,8,"August",59.3,22.7,"1959-08-01"
1959,9,"September",59.1,22.5,"1959-09-01"
1959,10,"October",59,22.7,"1959-10-01"
1959,11,"November",58.7,22.2,"1959-11-01"
1959,12,"December",59.1,22.2,"1959-12-01"
1960,1,"January",58.5,22.1,"1960-01-01"
1960,2,"February",58.3,22.2,"1960-02-01"
1960,3,"March",57.8,21.4,"1960-03-01"
1960,4,"April",58.2,22.6,"1960-04-01"
1960,5,"May",58.1,22.8,"1960-05-01"
1960,6,"June",57.8,22.9,"1960-06-01"
1960,7,"July",58,22.6,"1960-07-01"
1960,8,"August",57.6,23.2,"1960-08-01"
1960,9,"September",58,23.6,"1960-09-01"
1960,10,"October",58.1,23.1,"1960-10-01"
1960,11,"November",58.4,23.9,"1960-11-01"
1960,12,"December",58.5,24,"1960-12-01"
1961,1,"January",58.5,23.8,"1961-01-01"
1961,2,"February",58.1,23.6,"1961-02-01"
1961,3,"March",58.3,23.3,"1961-03-01"
1961,4,"April",57,22.4,"1961-04-01"
1961,5,"May",56.9,22.5,"1961-05-01"
1961,6,"June",57.1,22.8,"1961-06-01"
1961,7,"July",56.3,22.8,"1961-07-01"
1961,8,"August",56.3,22.9,"1961-08-01"
1961,9,"September",55.8,22.3,"1961-09-01"
1961,10,"October",56.1,22.6,"1961-10-01"
1961,11,"November",56.6,22.5,"1961-11-01"
1961,12,"December",56.6,22.7,"1961-12-01"
1962,1,"January",56.7,22.7,"1962-01-01"
1962,2,"February",57.7,23,"1962-02-01"
1962,3,"March",57.7,23.1,"1962-03-01"
1962,4,"April",56.2,22.8,"1962-04-01"
1962,5,"May",56.3,22.8,"1962-05-01"
1962,6,"June",55.9,22.6,"1962-06-01"
1962,7,"July",55.3,22.4,"1962-07-01"
1962,8,"August",55.8,22.7,"1962-08-01"
1962,9,"September",55.8,22.9,"1962-09-01"
1962,10,"October",55.3,22.5,"1962-10-01"
1962,11,"November",54.7,22.5,"1962-11-01"
1962,12,"December",54.6,22.7,"1962-12-01"
1963,1,"January",55,22.7,"1963-01-01"
1963,2,"February",54.9,22.6,"1963-02-01"
1963,3,"March",55.3,22.8,"1963-03-01"
1963,4,"April",54.8,22.8,"1963-04-01"
1963,5,"May",55,23,"1963-05-01"
1963,6,"June",55.2,22.9,"1963-06-01"
1963,7,"July",55.6,22.9,"1963-07-01"
1963,8,"August",55.4,23,"1963-08-01"
1963,9,"September",55.6,23.2,"1963-09-01"
1963,10,"October",55.2,23.2,"1963-10-01"
1963,11,"November",55.4,23,"1963-11-01"
1963,12,"December",54.5,23,"1963-12-01"
1964,1,"January",54.9,23,"1964-01-01"
1964,2,"February",54.8,23.3,"1964-02-01"
1964,3,"March",55,23.3,"1964-03-01"
1964,4,"April",55.3,24.2,"1964-04-01"
1964,5,"May",55.6,24.1,"1964-05-01"
1964,6,"June",55,23.8,"1964-06-01"
1964,7,"July",55.2,23.4,"1964-07-01"
1964,8,"August",55.2,23.2,"1964-08-01"
1964,9,"September",54.8,23.1,"1964-09-01"
1964,10,"October",55.3,23.5,"1964-10-01"
1964,11,"November",55.3,23.3,"1964-11-01"
1964,12,"December",55.2,23.5,"1964-12-01"
1965,1,"January",55.3,23.8,"1965-01-01"
1965,2,"February",55.6,23.7,"1965-02-01"
1965,3,"March",55.5,23.9,"1965-03-01"
1965,4,"April",54.9,23.8,"1965-04-01"
1965,5,"May",55.8,23.9,"1965-05-01"
1965,6,"June",55,24.2,"1965-06-01"
1965,7,"July",54.9,24.2,"1965-07-01"
1965,8,"August",54.6,23.9,"1965-08-01"
1965,9,"September",54.7,23.7,"1965-09-01"
1965,10,"October",54.7,24,"1965-10-01"
1965,11,"November",54,24,"1965-11-01"
1965,12,"December",54.8,24.1,"1965-12-01"
1966,1,"January",54.6,24.3,"1966-01-01"
1966,2,"February",54.5,24.1,"1966-02-01"
1966,3,"March",54.8,24.1,"1966-03-01"
1966,4,"April",54.9,24.1,"1966-04-01"
1966,5,"May",54.7,23.9,"1966-05-01"
1966,6,"June",55.1,23.9,"1966-06-01"
1966,7,"July",55.1,24,"1966-07-01"
1966,8,"August",55.1,24.6,"1966-08-01"
1966,9,"September",55.2,24.6,"1966-09-01"
1966,10,"October",55,24.2,"1966-10-01"
1966,11,"November",55.2,24.7,"1966-11-01"
1966,12,"December",55,24.2,"1966-12-01"
1967,1,"January",54.7,24.5,"1967-01-01"
1967,2,"February",54.7,24.3,"1967-02-01"
1967,3,"March",54.4,23.8,"1967-03-01"
1967,4,"April",54.7,24.3,"1967-04-01"
1967,5,"May",54.9,24.1,"1967-05-01"
1967,6,"June",55.5,24.6,"1967-06-01"
1967,7,"July",55.4,24.4,"1967-07-01"
1967,8,"August",55.2,24.4,"1967-08-01"
1967,9,"September",55.4,24.8,"1967-09-01"
1967,10,"October",55.4,24.7,"1967-10-01"
1967,11,"November",55.4,24.6,"1967-11-01"
1967,12,"December",55.4,24.5,"1967-12-01"
1968,1,"January",54.8,24,"1968-01-01"
1968,2,"February",55,24.3,"1968-02-01"
1968,3,"March",55,24.4,"1968-03-01"
1968,4,"April",55.2,24.2,"1968-04-01"
1968,5,"May",55.5,25,"1968-05-01"
1968,6,"June",56,24.7,"1968-06-01"
1968,7,"July",55.7,24.4,"1968-07-01"
1968,8,"August",55.6,24.1,"1968-08-01"
1968,9,"September",55.3,24.5,"1968-09-01"
1968,10,"October",55.2,24.5,"1968-10-01"
1968,11,"November",55.4,24.7,"1968-11-01"
1968,12,"December",55.4,24.6,"1968-12-01"
1969,1,"January",54.9,24.6,"1969-01-01"
1969,2,"February",55.5,24.9,"1969-02-01"
1969,3,"March",55.4,25,"1969-03-01"
1969,4,"April",55.2,25.2,"1969-04-01"
1969,5,"May",54.9,25.4,"1969-05-01"
1969,6,"June",54.8,25.2,"1969-06-01"
1969,7,"July",54.6,25.2,"1969-07-01"
1969,8,"August",54.9,25.1,"1969-08-01"
1969,9,"September",55.1,24.9,"1969-09-01"
1969,10,"October",54.9,24.7,"1969-10-01"
1969,11,"November",54.9,24.6,"1969-11-01"
1969,12,"December",54.8,24.5,"1969-12-01"
1970,1,"January",55.1,24.5,"1970-01-01"
1970,2,"February",55.1,24.7,"1970-02-01"
1970,3,"March",54.8,25,"1970-03-01"
1970,4,"April",54.8,24.8,"1970-04-01"
1970,5,"May",54.5,24.4,"1970-05-01"
1970,6,"June",54.2,24.6,"1970-06-01"
1970,7,"July",53.9,24.6,"1970-07-01"
1970,8,"August",53.7,24.6,"1970-08-01"
1970,9,"September",53.3,24.5,"1970-09-01"
1970,10,"October",53.4,24.7,"1970-10-01"
1970,11,"November",53.2,24.7,"1970-11-01"
1970,12,"December",53.1,24.6,"1970-12-01"
1971,1,"January",53.1,24.9,"1971-01-01"
1971,2,"February",52.5,24.5,"1971-02-01"
1971,3,"March",52.8,24.5,"1971-03-01"
1971,4,"April",52.8,24.3,"1971-04-01"
1971,5,"May",53.3,24.1,"1971-05-01"
1971,6,"June",53,23.9,"1971-06-01"
1971,7,"July",53.1,23.6,"1971-07-01"
1971,8,"August",52.9,23.7,"1971-08-01"
1971,9,"September",52.7,24.1,"1971-09-01"
1971,10,"October",52.5,24.5,"1971-10-01"
1971,11,"November",52.6,24.5,"1971-11-01"
1971,12,"December",52.2,24.5,"1971-12-01"
1972,1,"January",52.2,24.1,"1972-01-01"
1972,2,"February",51.7,24,"1972-02-01"
1972,3,"March",51.9,23.8,"1972-03-01"
1972,4,"April",51.5,23.6,"1972-04-01"
1972,5,"May",51.7,23.7,"1972-05-01"
1972,6,"June",51.7,23.6,"1972-06-01"
1972,7,"July",51.6,23.6,"1972-07-01"
1972,8,"August",51.5,23.6,"1972-08-01"
1972,9,"September",51.5,23.9,"1972-09-01"
1972,10,"October",51.4,23.7,"1972-10-01"
1972,11,"November",51.1,23.4,"1972-11-01"
1972,12,"December",51,23.2,"1972-12-01"
1973,1,"January",50.2,23,"1973-01-01"
1973,2,"February",50.6,23.1,"1973-02-01"
1973,3,"March",50.9,23,"1973-03-01"
1973,4,"April",50.2,23.1,"1973-04-01"
1973,5,"May",49.9,23.3,"1973-05-01"
1973,6,"June",50.2,23.2,"1973-06-01"
1973,7,"July",49.9,23.3,"1973-07-01"
1973,8,"August",49.7,23.3,"1973-08-01"
1973,9,"September",49.6,23.2,"1973-09-01"
1973,10,"October",49.6,23,"1973-10-01"
1973,11,"November",49.6,22.9,"1973-11-01"
1973,12,"December",49.7,22.8,"1973-12-01"
1974,1,"January",49.6,22.6,"1974-01-01"
1974,2,"February",50,22.6,"1974-02-01"
1974,3,"March",49.9,22.6,"1974-03-01"
1974,4,"April",49.8,22.6,"1974-04-01"
1974,5,"May",49.3,22.4,"1974-05-01"
1974,6,"June",49.1,22.5,"1974-06-01"
1974,7,"July",48.9,22.6,"1974-07-01"
1974,8,"August",49,22.3,"1974-08-01"
1974,9,"September",48.9,22.1,"1974-09-01"
1974,10,"October",49.1,21.8,"1974-10-01"
1974,11,"November",48.3,21.4,"1974-11-01"
1974,12,"December",48.3,21.7,"1974-12-01"
1975,1,"January",48.1,21.9,"1975-01-01"
1975,2,"February",48,21.9,"1975-02-01"
1975,3,"March",47.6,22,"1975-03-01"
1975,4,"April",47.5,22,"1975-04-01"
1975,5,"May",47.3,22.1,"1975-05-01"
1975,6,"June",46.9,22,"1975-06-01"
1975,7,"July",47.3,22.1,"1975-07-01"
1975,8,"August",46.9,21.8,"1975-08-01"
1975,9,"September",46.7,21.8,"1975-09-01"
1975,10,"October",46.3,22,"1975-10-01"
1975,11,"November",46,21.9,"1975-11-01"
1975,12,"December",45.9,21.9,"1975-12-01"
1976,1,"January",46.1,22,"1976-01-01"
1976,2,"February",45.6,22.3,"1976-02-01"
1976,3,"March",45.5,22,"1976-03-01"
1976,4,"April",45.6,21.7,"1976-04-01"
1976,5,"May",45.6,21.7,"1976-05-01"
1976,6,"June",45.7,21.7,"1976-06-01"
1976,7,"July",45.7,21.7,"1976-07-01"
1976,8,"August",45.9,21.9,"1976-08-01"
1976,9,"September",46.1,21.8,"1976-09-01"
1976,10,"October",45.6,21.9,"1976-10-01"
1976,11,"November",45.5,21.9,"1976-11-01"
1976,12,"December",45.5,22.1,"1976-12-01"
1977,1,"January",45.3,21.7,"1977-01-01"
1977,2,"February",45.1,21.8,"1977-02-01"
1977,3,"March",45.3,21.8,"1977-03-01"
1977,4,"April",45.4,22.1,"1977-04-01"
1977,5,"May",45.6,22.2,"1977-05-01"
1977,6,"June",45.7,21.6,"1977-06-01"
1977,7,"July",45.5,21.5,"1977-07-01"
1977,8,"August",45.4,21.6,"1977-08-01"
1977,9,"September",45.4,22.1,"1977-09-01"
1977,10,"October",45.7,22,"1977-10-01"
1977,11,"November",45.8,22.1,"1977-11-01"
1977,12,"December",45.9,22.2,"1977-12-01"
1978,1,"January",45.6,22.3,"1978-01-01"
1978,2,"February",45.5,22.2,"1978-02-01"
1978,3,"March",45.5,22.3,"1978-03-01"
1978,4,"April",45.7,22.6,"1978-04-01"
1978,5,"May",45.6,22.5,"1978-05-01"
1978,6,"June",46.2,22.5,"1978-06-01"
1978,7,"July",45.7,22.4,"1978-07-01"
1978,8,"August",45.6,22.2,"1978-08-01"
1978,9,"September",45.6,22.3,"1978-09-01"
1978,10,"October",45.6,22,"1978-10-01"
1978,11,"November",46,22.4,"1978-11-01"
1978,12,"December",46,22.5,"1978-12-01"
1979,1,"January",46.2,22.6,"1979-01-01"
1979,2,"February",45.9,22.7,"1979-02-01"
1979,3,"March",45.4,22.7,"1979-03-01"
1979,4,"April",45.1,22.5,"1979-04-01"
1979,5,"May",45.1,22.4,"1979-05-01"
1979,6,"June",45.1,22.5,"1979-06-01"
1979,7,"July",45.1,22.2,"1979-07-01"
1979,8,"August",45.2,22.3,"1979-08-01"
1979,9,"September",45.4,22.3,"1979-09-01"
1979,10,"October",45,22.6,"1979-10-01"
1979,11,"November",44.9,22.5,"1979-11-01"
1979,12,"December",44.7,22.5,"1979-12-01"
1980,1,"January",44.6,22.5,"1980-01-01"
1980,2,"February",45.2,22.4,"1980-02-01"
1980,3,"March",44.6,22.2,"1980-03-01"
1980,4,"April",44.3,22.2,"1980-04-01"
1980,5,"May",44.2,22.1,"1980-05-01"
1980,6,"June",44.1,22.1,"1980-06-01"
1980,7,"July",43.9,22.2,"1980-07-01"
1980,8,"August",44.2,22.3,"1980-08-01"
1980,9,"September",43.7,22,"1980-09-01"
1980,10,"October",43.7,21.9,"1980-10-01"
1980,11,"November",43.6,21.8,"1980-11-01"
1980,12,"December",43.6,21.5,"1980-12-01"
1981,1,"January",43.5,21.7,"1981-01-01"
1981,2,"February",43.6,21.8,"1981-02-01"
1981,3,"March",43.6,22,"1981-03-01"
1981,4,"April",43.7,22.1,"1981-04-01"
1981,5,"May",43.4,22.2,"1981-05-01"
1981,6,"June",43,22.2,"1981-06-01"
1981,7,"July",42.9,22,"1981-07-01"
1981,8,"August",42.7,21.9,"1981-08-01"
1981,9,"September",42.4,21.5,"1981-09-01"
1981,10,"October",42.2,21.7,"1981-10-01"
1981,11,"November",42,21.7,"1981-11-01"
1981,12,"December",42.1,21.5,"1981-12-01"
1982,1,"January",42,21.6,"1982-01-01"
1982,2,"February",41.7,21.3,"1982-02-01"
1982,3,"March",41.9,21.6,"1982-03-01"
1982,4,"April",41.9,21.6,"1982-04-01"
1982,5,"May",42,21.7,"1982-05-01"
1982,6,"June",42,21.7,"1982-06-01"
1982,7,"July",41.6,21.7,"1982-07-01"
1982,8,"August",41.1,21.8,"1982-08-01"
1982,9,"September",41.8,22,"1982-09-01"
1982,10,"October",41,21.5,"1982-10-01"
1982,11,"November",41,21.6,"1982-11-01"
1982,12,"December",40.8,21.4,"1982-12-01"
1983,1,"January",40.7,21.6,"1983-01-01"
1983,2,"February",40.5,21.5,"1983-02-01"
1983,3,"March",40.5,21.3,"1983-03-01"
1983,4,"April",40.4,21.2,"1983-04-01"
1983,5,"May",40.3,21.3,"1983-05-01"
1983,6,"June",40.6,21.2,"1983-06-01"
1983,7,"July",40.7,21.2,"1983-07-01"
1983,8,"August",40.6,21.3,"1983-08-01"
1983,9,"September",40.7,21.6,"1983-09-01"
1983,10,"October",40.7,21.5,"1983-10-01"
1983,11,"November",40.9,21.4,"1983-11-01"
1983,12,"December",40.5,21.5,"1983-12-01"
1984,1,"January",40.4,21.2,"1984-01-01"
1984,2,"February",40.3,21.5,"1984-02-01"
1984,3,"March",39.9,21.4,"1984-03-01"
1984,4,"April",39.9,21.5,"1984-04-01"
1984,5,"May",39.8,21.5,"1984-05-01"
1984,6,"June",39.7,21.1,"1984-06-01"
1984,7,"July",39.8,21.2,"1984-07-01"
1984,8,"August",39.8,21.1,"1984-08-01"
1984,9,"September",40,21.3,"1984-09-01"
1984,10,"October",39.6,20.9,"1984-10-01"
1984,11,"November",39.4,21.2,"1984-11-01"
1984,12,"December",39.6,21.3,"1984-12-01"
1985,1,"January",39.3,21.1,"1985-01-01"
1985,2,"February",39.4,21.3,"1985-02-01"
1985,3,"March",39.9,21.5,"1985-03-01"
1985,4,"April",39.5,21.3,"1985-04-01"
1985,5,"May",39.1,21.3,"1985-05-01"
1985,6,"June",39.3,21,"1985-06-01"
1985,7,"July",38.9,21,"1985-07-01"
1985,8,"August",39.5,20.9,"1985-08-01"
1985,9,"September",39.4,20.9,"1985-09-01"
1985,10,"October",39.4,21.1,"1985-10-01"
1985,11,"November",39.2,21,"1985-11-01"
1985,12,"December",39,21,"1985-12-01"
1986,1,"January",39.4,21,"1986-01-01"
1986,2,"February",38.5,20.9,"1986-02-01"
1986,3,"March",38.8,20.9,"1986-03-01"
1986,4,"April",38.9,21,"1986-04-01"
1986,5,"May",39.1,21.3,"1986-05-01"
1986,6,"June",38.9,21.8,"1986-06-01"
1986,7,"July",38.7,21.9,"1986-07-01"
1986,8,"August",38.4,21.9,"1986-08-01"
1986,9,"September",38.4,21.4,"1986-09-01"
1986,10,"October",38.4,21.1,"1986-10-01"
1986,11,"November",38.7,21.1,"1986-11-01"
1986,12,"December",39,20.8,"1986-12-01"
1987,1,"January",38.9,21.2,"1987-01-01"
1987,2,"February",38.8,21,"1987-02-01"
1987,3,"March",39,21,"1987-03-01"
1987,4,"April",38.8,20.9,"1987-04-01"
1987,5,"May",39.1,21.2,"1987-05-01"
1987,6,"June",39,21.4,"1987-06-01"
1987,7,"July",38.8,21.5,"1987-07-01"
1987,8,"August",38.7,21.5,"1987-08-01"
1987,9,"September",38.8,21.3,"1987-09-01"
1987,10,"October",39.1,21.6,"1987-10-01"
1987,11,"November",39.1,21.5,"1987-11-01"
1987,12,"December",39.2,21.5,"1987-12-01"
1988,1,"January",38.6,21.6,"1988-01-01"
1988,2,"February",38.9,21.6,"1988-02-01"
1988,3,"March",38.5,21.6,"1988-03-01"
1988,4,"April",38.7,21.8,"1988-04-01"
1988,5,"May",38.5,21.3,"1988-05-01"
1988,6,"June",38.6,21.4,"1988-06-01"
1988,7,"July",38.5,21.3,"1988-07-01"
1988,8,"August",38.7,21.5,"1988-08-01"
1988,9,"September",38.5,21.7,"1988-09-01"
1988,10,"October",38.5,22,"1988-10-01"
1988,11,"November",38.2,22.6,"1988-11-01"
1988,12,"December",38.4,22.2,"1988-12-01"
1989,1,"January",38.7,22.5,"1989-01-01"
1989,2,"February",38.5,22.2,"1989-02-01"
1989,3,"March",38.7,22.4,"1989-03-01"
1989,4,"April",38.8,22.2,"1989-04-01"
1989,5,"May",38.4,22.6,"1989-05-01"
1989,6,"June",38.6,22.1,"1989-06-01"
1989,7,"July",38.6,22.2,"1989-07-01"
1989,8,"August",38.1,22.2,"1989-08-01"
1989,9,"September",37.8,22.4,"1989-09-01"
1989,10,"October",38.2,22.3,"1989-10-01"
1989,11,"November",37.8,22.4,"1989-11-01"
1989,12,"December",38,22.6,"1989-12-01"
1990,1,"January",38.3,22.3,"1990-01-01"
1990,2,"February",38.1,22.3,"1990-02-01"
1990,3,"March",38,22.2,"1990-03-01"
1990,4,"April",37.8,22.2,"1990-04-01"
1990,5,"May",38,22.6,"1990-05-01"
1990,6,"June",37.9,22.2,"1990-06-01"
1990,7,"July",38,22,"1990-07-01"
1990,8,"August",38.2,22.2,"1990-08-01"
1990,9,"September",38,22.1,"1990-09-01"
1990,10,"October",37.8,22.1,"1990-10-01"
1990,11,"November",37.7,22.1,"1990-11-01"
1990,12,"December",37.9,22.1,"1990-12-01"
1991,1,"January",37.2,21.9,"1991-01-01"
1991,2,"February",37,22,"1991-02-01"
1991,3,"March",37.1,21.9,"1991-03-01"
1991,4,"April",37.2,22,"1991-04-01"
1991,5,"May",36.8,21.8,"1991-05-01"
1991,6,"June",37,21.9,"1991-06-01"
1991,7,"July",36.7,22,"1991-07-01"
1991,8,"August",36.5,21.8,"1991-08-01"
1991,9,"September",36.7,22.1,"1991-09-01"
1991,10,"October",36.6,21.8,"1991-10-01"
1991,11,"November",36.6,21.6,"1991-11-01"
1991,12,"December",36,21.7,"1991-12-01"
1992,1,"January",36.6,21.9,"1992-01-01"
1992,2,"February",36.8,21.7,"1992-02-01"
1992,3,"March",37,22,"1992-03-01"
1992,4,"April",36.8,21.8,"1992-04-01"
1992,5,"May",37,21.6,"1992-05-01"
1992,6,"June",36.5,21.8,"1992-06-01"
1992,7,"July",36.4,21.9,"1992-07-01"
1992,8,"August",36.2,21.8,"1992-08-01"
1992,9,"September",36.1,21.9,"1992-09-01"
1992,10,"October",35.7,21.8,"1992-10-01"
1992,11,"November",36.3,21.9,"1992-11-01"
1992,12,"December",35.8,21.9,"1992-12-01"
1993,1,"January",35.9,21.6,"1993-01-01"
1993,2,"February",36.5,21.8,"1993-02-01"
1993,3,"March",36.1,21.8,"1993-03-01"
1993,4,"April",35.8,21.7,"1993-04-01"
1993,5,"May",36.2,22,"1993-05-01"
1993,6,"June",36.2,22.1,"1993-06-01"
1993,7,"July",35.8,21.8,"1993-07-01"
1993,8,"August",36,22.2,"1993-08-01"
1993,9,"September",35.7,21.8,"1993-09-01"
1993,10,"October",35.9,21.9,"1993-10-01"
1993,11,"November",35.5,22.3,"1993-11-01"
1993,12,"December",35.4,22.5,"1993-12-01"
1994,1,"January",36.6,23.1,"1994-01-01"
1994,2,"February",35.9,23.1,"1994-02-01"
1994,3,"March",35.6,22.8,"1994-03-01"
1994,4,"April",35.7,23,"1994-04-01"
1994,5,"May",35.9,23.7,"1994-05-01"
1994,6,"June",35.9,23.3,"1994-06-01"
1994,7,"July",35.9,23,"1994-07-01"
1994,8,"August",36.4,23,"1994-08-01"
1994,9,"September",36.4,23,"1994-09-01"
1994,10,"October",36.4,23.1,"1994-10-01"
1994,11,"November",36.7,23.3,"1994-11-01"
1994,12,"December",37.1,23,"1994-12-01"
1995,1,"January",36.9,22.9,"1995-01-01"
1995,2,"February",36.6,22.9,"1995-02-01"
1995,3,"March",36.5,22.8,"1995-03-01"
1995,4,"April",36.4,22.9,"1995-04-01"
1995,5,"May",35.8,23,"1995-05-01"
1995,6,"June",36,22.8,"1995-06-01"
1995,7,"July",36.3,23.2,"1995-07-01"
1995,8,"August",36.1,23.2,"1995-08-01"
1995,9,"September",36.6,23.4,"1995-09-01"
1995,10,"October",36.9,23.3,"1995-10-01"
1995,11,"November",36.7,23.1,"1995-11-01"
1995,12,"December",36.6,22.6,"1995-12-01"
1996,1,"January",36.4,22.9,"1996-01-01"
1996,2,"February",36.7,23.1,"1996-02-01"
1996,3,"March",37,22.9,"1996-03-01"
1996,4,"April",36.8,22.6,"1996-04-01"
1996,5,"May",37.1,22.8,"1996-05-01"
1996,6,"June",37.4,23,"1996-06-01"
1996,7,"July",37.3,23.3,"1996-07-01"
1996,8,"August",37.4,23.2,"1996-08-01"
1996,9,"September",37,23.3,"1996-09-01"
1996,10,"October",37.1,23.2,"1996-10-01"
1996,11,"November",37.2,23.3,"1996-11-01"
1996,12,"December",37.1,23.4,"1996-12-01"
1997,1,"January",37.4,23.6,"1997-01-01"
1997,2,"February",37.2,23.6,"1997-02-01"
1997,3,"March",37.8,23.8,"1997-03-01"
1997,4,"April",37.8,23.6,"1997-04-01"
1997,5,"May",37.9,23.9,"1997-05-01"
1997,6,"June",37.6,23.7,"1997-06-01"
1997,7,"July",37.6,23.5,"1997-07-01"
1997,8,"August",37.8,23.7,"1997-08-01"
1997,9,"September",37.7,23.8,"1997-09-01"
1997,10,"October",37.8,24,"1997-10-01"
1997,11,"November",38.3,24.3,"1997-11-01"
1997,12,"December",38.1,24.6,"1997-12-01"
1998,1,"January",37.7,24.4,"1998-01-01"
1998,2,"February",37.7,24.4,"1998-02-01"
1998,3,"March",37.1,24.4,"1998-03-01"
1998,4,"April",37.8,24.4,"1998-04-01"
1998,5,"May",38.3,24.3,"1998-05-01"
1998,6,"June",37.9,24.2,"1998-06-01"
1998,7,"July",38.3,23.9,"1998-07-01"
1998,8,"August",37.7,24.2,"1998-08-01"
1998,9,"September",38.3,24.3,"1998-09-01"
1998,10,"October",38.4,24.5,"1998-10-01"
1998,11,"November",38.4,24.7,"1998-11-01"
1998,12,"December",38.4,24.8,"1998-12-01"
1999,1,"January",38.1,24.6,"1999-01-01"
1999,2,"February",38.2,24.6,"1999-02-01"
1999,3,"March",38.4,24.7,"1999-03-01"
1999,4,"April",38.6,24.7,"1999-04-01"
1999,5,"May",38.3,24.8,"1999-05-01"
1999,6,"June",38.8,25,"1999-06-01"
1999,7,"July",38.6,25.1,"1999-07-01"
1999,8,"August",38.6,25.2,"1999-08-01"
1999,9,"September",38.7,25,"1999-09-01"
1999,10,"October",38.3,25,"1999-10-01"
1999,11,"November",38.5,24.9,"1999-11-01"
1999,12,"December",38.6,25.3,"1999-12-01"
2000,1,"January",39.2,25.2,"2000-01-01"
2000,2,"February",39.5,25.2,"2000-02-01"
2000,3,"March",39.2,25.4,"2000-03-01"
2000,4,"April",38.8,25.5,"2000-04-01"
2000,5,"May",39,25.4,"2000-05-01"
2000,6,"June",38.9,25.5,"2000-06-01"
2000,7,"July",39,25.6,"2000-07-01"
2000,8,"August",39.5,25.4,"2000-08-01"
2000,9,"September",39,25.5,"2000-09-01"
2000,10,"October",39,25.6,"2000-10-01"
2000,11,"November",38.9,25.3,"2000-11-01"
2000,12,"December",39,26,"2000-12-01"
2001,1,"January",39.5,25.8,"2001-01-01"
2001,2,"February",39.3,25.8,"2001-02-01"
2001,3,"March",39.4,26,"2001-03-01"
2001,4,"April",39.6,26,"2001-04-01"
2001,5,"May",39.5,26.3,"2001-05-01"
2001,6,"June",39.5,26.3,"2001-06-01"
2001,7,"July",39.5,26.5,"2001-07-01"
2001,8,"August",39.7,26.6,"2001-08-01"
2001,9,"September",39.5,26.6,"2001-09-01"
2001,10,"October",39.5,26.6,"2001-10-01"
2001,11,"November",39.8,26.4,"2001-11-01"
2001,12,"December",39.9,26.6,"2001-12-01"
2002,1,"January",39.7,26.8,"2002-01-01"
2002,2,"February",39.8,27.1,"2002-02-01"
2002,3,"March",39.6,26.9,"2002-03-01"
2002,4,"April",40.1,27.1,"2002-04-01"
2002,5,"May",40.5,27.1,"2002-05-01"
2002,6,"June",40.6,27.3,"2002-06-01"
2002,7,"July",40.7,27.6,"2002-07-01"
2002,8,"August",40.6,27.7,"2002-08-01"
2002,9,"September",40.8,28.1,"2002-09-01"
2002,10,"October",40.7,28,"2002-10-01"
2002,11,"November",40.3,28.3,"2002-11-01"
2002,12,"December",40.3,27.9,"2002-12-01"
2003,1,"January",40.4,28.9,"2003-01-01"
2003,2,"February",40.7,28.7,"2003-02-01"
2003,3,"March",40.5,28.8,"2003-03-01"
2003,4,"April",40.6,28.7,"2003-04-01"
2003,5,"May",40.4,28.9,"2003-05-01"
2003,6,"June",40.3,29,"2003-06-01"
2003,7,"July",40.5,28.8,"2003-07-01"
2003,8,"August",40.7,28.9,"2003-08-01"
2003,9,"September",40.7,28.8,"2003-09-01"
2003,10,"October",41,29.2,"2003-10-01"
2003,11,"November",41.2,29.3,"2003-11-01"
2003,12,"December",41.4,29.2,"2003-12-01"
2004,1,"January",41.6,28.9,"2004-01-01"
2004,2,"February",41.5,29.4,"2004-02-01"
2004,3,"March",41.6,29.5,"2004-03-01"
2004,4,"April",40.7,29.3,"2004-04-01"
2004,5,"May",40.7,29.5,"2004-05-01"
2004,6,"June",41.2,29.4,"2004-06-01"
2004,7,"July",41.4,29.5,"2004-07-01"
2004,8,"August",41.9,29.5,"2004-08-01"
2004,9,"September",41.5,29.6,"2004-09-01"
2004,10,"October",41.6,29.3,"2004-10-01"
2004,11,"November",42,29.5,"2004-11-01"
2004,12,"December",42,29.9,"2004-12-01"
2005,1,"January",41.5,29.8,"2005-01-01"
2005,2,"February",42,30,"2005-02-01"
2005,3,"March",42.1,29.8,"2005-03-01"
2005,4,"April",42.7,30.2,"2005-04-01"
2005,5,"May",42.9,30.2,"2005-05-01"
2005,6,"June",43.1,30.3,"2005-06-01"
2005,7,"July",43.1,30.3,"2005-07-01"
2005,8,"August",43.2,30.6,"2005-08-01"
2005,9,"September",42.9,30.7,"2005-09-01"
2005,10,"October",43.1,30.9,"2005-10-01"
2005,11,"November",42.7,30.9,"2005-11-01"
2005,12,"December",43,30.9,"2005-12-01"
2006,1,"January",43.2,30.8,"2006-01-01"
2006,2,"February",43.3,30.8,"2006-02-01"
2006,3,"March",43.6,30.8,"2006-03-01"
2006,4,"April",43.6,31.2,"2006-04-01"
2006,5,"May",43.5,31.2,"2006-05-01"
2006,6,"June",43.5,31.5,"2006-06-01"
2006,7,"July",43,31.7,"2006-07-01"
2006,8,"August",43.4,31.6,"2006-08-01"
2006,9,"September",43.9,31.6,"2006-09-01"
2006,10,"October",43.8,31.7,"2006-10-01"
2006,11,"November",43.8,31.9,"2006-11-01"
2006,12,"December",43.9,32,"2006-12-01"
2007,1,"January",43,31.5,"2007-01-01"
2007,2,"February",43.4,32,"2007-02-01"
2007,3,"March",43.6,32.1,"2007-03-01"
2007,4,"April",43.4,31.7,"2007-04-01"
2007,5,"May",43.7,32.1,"2007-05-01"
2007,6,"June",43.9,32.2,"2007-06-01"
2007,7,"July",43.9,32.5,"2007-07-01"
2007,8,"August",43.9,32.2,"2007-08-01"
2007,9,"September",44,32.4,"2007-09-01"
2007,10,"October",43.7,32.3,"2007-10-01"
2007,11,"November",44.2,32.4,"2007-11-01"
2007,12,"December",44,32.4,"2007-12-01"
2008,1,"January",44.2,32.5,"2008-01-01"
2008,2,"February",44.3,32.7,"2008-02-01"
2008,3,"March",44.2,32.7,"2008-03-01"
2008,4,"April",44.2,32.5,"2008-04-01"
2008,5,"May",44,32.5,"2008-05-01"
2008,6,"June",44.4,32.5,"2008-06-01"
2008,7,"July",44.5,32.6,"2008-07-01"
2008,8,"August",44.3,32.8,"2008-08-01"
2008,9,"September",44,32.7,"2008-09-01"
2008,10,"October",44.3,32.9,"2008-10-01"
2008,11,"November",44.1,32.9,"2008-11-01"
2008,12,"December",44.1,32.8,"2008-12-01"
2009,1,"January",44.1,32.7,"2009-01-01"
2009,2,"February",43.7,32.4,"2009-02-01"
2009,3,"March",43.1,32.5,"2009-03-01"
2009,4,"April",42.8,32.6,"2009-04-01"
2009,5,"May",43.4,32.6,"2009-05-01"
2009,6,"June",43,32.7,"2009-06-01"
2009,7,"July",43,32.6,"2009-07-01"
2009,8,"August",42.7,32.7,"2009-08-01"
2009,9,"September",42.7,32.6,"2009-09-01"
2009,10,"October",42.7,32.5,"2009-10-01"
2009,11,"November",42.8,32.5,"2009-11-01"
2009,12,"December",42.5,32.5,"2009-12-01"
2010,1,"January",42.6,32.7,"2010-01-01"
2010,2,"February",42.7,32.6,"2010-02-01"
2010,3,"March",42.9,32.8,"2010-03-01"
2010,4,"April",43,32.9,"2010-04-01"
2010,5,"May",43,33,"2010-05-01"
2010,6,"June",42.9,33.1,"2010-06-01"
2010,7,"July",42.9,33.2,"2010-07-01"
2010,8,"August",42.8,33.1,"2010-08-01"
2010,9,"September",42.9,33.1,"2010-09-01"
2010,10,"October",42.5,32.6,"2010-10-01"
2010,11,"November",42.6,32.8,"2010-11-01"
2010,12,"December",42.9,32.8,"2010-12-01"
2011,1,"January",42.4,32.8,"2011-01-01"
2011,2,"February",42.7,32.9,"2011-02-01"
2011,3,"March",42.8,32.9,"2011-03-01"
2011,4,"April",43.1,33,"2011-04-01"
2011,5,"May",42.9,32.9,"2011-05-01"
2011,6,"June",42.9,32.8,"2011-06-01"
2011,7,"July",43,32.7,"2011-07-01"
2011,8,"August",43.2,32.8,"2011-08-01"
2011,9,"September",43.4,33.2,"2011-09-01"
2011,10,"October",43.4,33,"2011-10-01"
2011,11,"November",43.4,33,"2011-11-01"
2011,12,"December",43.6,32.9,"2011-12-01"
2012,1,"January",43.4,32.9,"2012-01-01"
2012,2,"February",43.9,33,"2012-02-01"
2012,3,"March",43.7,33.1,"2012-03-01"
2012,4,"April",43.3,33,"2012-04-01"
2012,5,"May",43.7,33,"2012-05-01"
2012,6,"June",43.7,33.3,"2012-06-01"
2012,7,"July",43.5,32.8,"2012-07-01"
2012,8,"August",43.9,33.1,"2012-08-01"
2012,9,"September",43.9,33.1,"2012-09-01"
2012,10,"October",44.2,33.2,"2012-10-01"
2012,11,"November",44.3,33.2,"2012-11-01"
2012,12,"December",44.2,33.3,"2012-12-01"
2013,1,"January",44.1,33.3,"2013-01-01"
2013,2,"February",44,33.3,"2013-02-01"
2013,3,"March",44,33.3,"2013-03-01"
2013,4,"April",43.8,33.4,"2013-04-01"
2013,5,"May",43.8,33.6,"2013-05-01"
2013,6,"June",43.9,33.5,"2013-06-01"
2013,7,"July",43.8,33.4,"2013-07-01"
2013,8,"August",43.9,33.7,"2013-08-01"
2013,9,"September",43.6,33.3,"2013-09-01"
2013,10,"October",43.5,33,"2013-10-01"
2013,11,"November",43.8,33,"2013-11-01"
2013,12,"December",43.7,33,"2013-12-01"
2014,1,"January",43.8,33.1,"2014-01-01"
2014,2,"February",43.8,33.5,"2014-02-01"
2014,3,"March",43.6,33.2,"2014-03-01"
2014,4,"April",43.6,33.3,"2014-04-01"
2014,5,"May",43.8,33.4,"2014-05-01"
2014,6,"June",43.8,33.4,"2014-06-01"
2014,7,"July",43.8,33.4,"2014-07-01"
2014,8,"August",43.9,33.2,"2014-08-01"
2014,9,"September",44,33.4,"2014-09-01"
2014,10,"October",44,33.5,"2014-10-01"
2014,11,"November",43.9,33.5,"2014-11-01"
2014,12,"December",44.2,33.4,"2014-12-01"
2015,1,"January",44.1,33.5,"2015-01-01"
2015,2,"February",43.6,33.2,"2015-02-01"
2015,3,"March",44.2,33.4,"2015-03-01"
2015,4,"April",44.3,33.5,"2015-04-01"
2015,5,"May",44.4,33.4,"2015-05-01"
2015,6,"June",44.2,33.4,"2015-06-01"
2015,7,"July",44.5,33.4,"2015-07-01"
2015,8,"August",43.9,33.4,"2015-08-01"
2015,9,"September",43.7,33.4,"2015-09-01"
2015,10,"October",44.1,33.6,"2015-10-01"
2015,11,"November",44,33.7,"2015-11-01"
2015,12,"December",44.3,33.7,"2015-12-01"
2016,1,"January",44.3,33.7,"2016-01-01"
2016,2,"February",44.3,33.8,"2016-02-01"
2016,3,"March",44.4,33.7,"2016-03-01"
2016,4,"April",44.6,33.6,"2016-04-01"
2016,5,"May",44.3,33.4,"2016-05-01"
2016,6,"June",44.6,33.4,"2016-06-01"
2016,7,"July",44.9,33.4,"2016-07-01"
2016,8,"August",44.6,33.2,"2016-08-01"
2016,9,"September",44.5,33.4,"2016-09-01"
2016,10,"October",44.5,33.4,"2016-10-01"
2016,11,"November",44.3,33.5,"2016-11-01"
2016,12,"December",44,33.3,"2016-12-01"
2017,1,"January",44.3,33.7,"2017-01-01"
2017,2,"February",44.5,33.5,"2017-02-01"
2017,3,"March",44.6,33.8,"2017-03-01"
2017,4,"April",44.8,33.5,"2017-04-01"
2017,5,"May",44.6,33.6,"2017-05-01"
2017,6,"June",44.8,33.7,"2017-06-01"
2017,7,"July",44.6,33.7,"2017-07-01"
2017,8,"August",44.7,33.7,"2017-08-01"
2017,9,"September",44.9,33.5,"2017-09-01"
2017,10,"October",44.5,33.5,"2017-10-01"
2017,11,"November",44.6,33.6,"2017-11-01"
2017,12,"December",44.2,33.5,"2017-12-01"
2018,1,"January",44.2,33.3,"2018-01-01"
2018,2,"February",44.4,33.5,"2018-02-01"
2018,3,"March",44.4,33.5,"2018-03-01"
2018,4,"April",44.7,33.7,"2018-04-01"
2018,5,"May",45.1,33.8,"2018-05-01"
2018,6,"June",44.7,33.9,"2018-06-01"
2018,7,"July",44.9,33.7,"2018-07-01"
2018,8,"August",45,33.8,"2018-08-01"
2018,9,"September",44.7,33.9,"2018-09-01"
2018,10,"October",44.9,33.8,"2018-10-01"
2018,11,"November",44.8,34,"2018-11-01"
2018,12,"December",44.8,34.1,"2018-12-01"
2019,1,"January",44.7,34.1,"2019-01-01"
2019,2,"February",45,34.4,"2019-02-01"
2019,3,"March",44.6,34.1,"2019-03-01"
2019,4,"April",44.7,33.9,"2019-04-01"
2019,5,"May",45.2,33.4,"2019-05-01"
2019,6,"June",45.1,33.5,"2019-06-01"
2019,7,"July",45.6,34,"2019-07-01"
2019,8,"August",45.5,33.9,"2019-08-01"
2019,9,"September",45.1,34.2,"2019-09-01"
2019,10,"October",45.1,34.1,"2019-10-01"
2019,11,"November",45.3,34.1,"2019-11-01"
2019,12,"December",45.3,34.1,"2019-12-01"
2020,1,"January",45.2,34,"2020-01-01"
2020,2,"February",45.2,34.1,"2020-02-01"
2020,3,"March",44,33.4,"2020-03-01"
2020,4,"April",39.2,28.3,"2020-04-01"
2020,5,"May",39.9,28.8,"2020-05-01"
2020,6,"June",41.1,30.2,"2020-06-01"
2020,7,"July",41.5,31,"2020-07-01"
2020,8,"August",41.8,31.8,"2020-08-01"
2020,9,"September",42,31.3,"2020-09-01"
2020,10,"October",42.4,31.7,"2020-10-01"
2020,11,"November",42,31.8,"2020-11-01"
2020,12,"December",41.9,31.4,"2020-12-01"
2021,1,"January",41.9,31.4,"2021-01-01"
2021,2,"February",41.8,31.4,"2021-02-01"
2021,3,"March",41.9,31.8,"2021-03-01"
2021,4,"April",41.9,31.7,"2021-04-01"
2021,5,"May",42.2,31.7,"2021-05-01"
2021,6,"June",42.1,31.6,"2021-06-01"
2021,7,"July",42.3,31.8,"2021-07-01"
2021,8,"August",42.5,32.3,"2021-08-01"
2021,9,"September",43,32.2,"2021-09-01"
2021,10,"October",42.6,32.2,"2021-10-01"
2021,11,"November",42.9,32.2,"2021-11-01"
2021,12,"December",43,32.4,"2021-12-01"
2022,1,"January",43.5,32.9,"2022-01-01"
2022,2,"February",43.8,32.8,"2022-02-01"
2022,3,"March",43.9,32.6,"2022-03-01"
2022,4,"April",43.4,32.6,"2022-04-01"
2022,5,"May",43.5,32.8,"2022-05-01"
2022,6,"June",42.9,32.9,"2022-06-01"
2022,7,"July",43,33,"2022-07-01"
2022,8,"August",43.1,32.7,"2022-08-01"
