"year","period","periodName","Employment among men 45-54 (%)","Employment among women 45-54 (%)","date"
1948,1,"January",93.8,32.8,"1948-01-01"
1948,2,"February",93.6,33,"1948-02-01"
1948,3,"March",93.7,32.3,"1948-03-01"
1948,4,"April",93.7,33.8,"1948-04-01"
1948,5,"May",93.5,32.7,"1948-05-01"
1948,6,"June",93.9,34,"1948-06-01"
1948,7,"July",94,35.6,"1948-07-01"
1948,8,"August",93.1,34.2,"1948-08-01"
1948,9,"September",93,35.3,"1948-09-01"
1948,10,"October",93.3,34.5,"1948-10-01"
1948,11,"November",92.6,34.6,"1948-11-01"
1948,12,"December",92.6,34.6,"1948-12-01"
1949,1,"January",92.6,33.9,"1949-01-01"
1949,2,"February",92.2,33.7,"1949-02-01"
1949,3,"March",92,34.2,"1949-03-01"
1949,4,"April",91.5,34.4,"1949-04-01"
1949,5,"May",91.2,34.5,"1949-05-01"
1949,6,"June",90.9,34.5,"1949-06-01"
1949,7,"July",91,34.7,"1949-07-01"
1949,8,"August",91.1,34.7,"1949-08-01"
1949,9,"September",91.9,34.2,"1949-09-01"
1949,10,"October",90.7,34.8,"1949-10-01"
1949,11,"November",91.5,35.1,"1949-11-01"
1949,12,"December",90.8,35.2,"1949-12-01"
1950,1,"January",90.3,35.2,"1950-01-01"
1950,2,"February",90,35.2,"1950-02-01"
1950,3,"March",90.6,35.5,"1950-03-01"
1950,4,"April",91.4,36,"1950-04-01"
1950,5,"May",92.1,35.9,"1950-05-01"
1950,6,"June",92.5,36.7,"1950-06-01"
1950,7,"July",91.7,36.3,"1950-07-01"
1950,8,"August",92.5,36.6,"1950-08-01"
1950,9,"September",92.7,36.4,"1950-09-01"
1950,10,"October",92.9,37.2,"1950-10-01"
1950,11,"November",93.3,36.7,"1950-11-01"
1950,12,"December",93.2,36.8,"1950-12-01"
1951,1,"January",93.7,37,"1951-01-01"
1951,2,"February",93.9,36.8,"1951-02-01"
1951,3,"March",94.3,37,"1951-03-01"
1951,4,"April",93.7,37.4,"1951-04-01"
1951,5,"May",93.7,38.3,"1951-05-01"
1951,6,"June",93.6,36.9,"1951-06-01"
1951,7,"July",93.4,40.3,"1951-07-01"
1951,8,"August",93.6,39.5,"1951-08-01"
1951,9,"September",93,38.5,"1951-09-01"
1951,10,"October",93.5,38.4,"1951-10-01"
1951,11,"November",93.8,39.3,"1951-11-01"
1951,12,"December",94.1,39.4,"1951-12-01"
1952,1,"January",93.9,39.6,"1952-01-01"
1952,2,"February",93.9,40,"1952-02-01"
1952,3,"March",94.1,40.1,"1952-03-01"
1952,4,"April",94.3,38.9,"1952-04-01"
1952,5,"May",93.8,38.9,"1952-05-01"
1952,6,"June",93.8,38.7,"1952-06-01"
1952,7,"July",93.9,38.5,"1952-07-01"
1952,8,"August",93.8,37.5,"1952-08-01"
1952,9,"September",94.6,39.2,"1952-09-01"
1952,10,"October",94.2,38.8,"1952-10-01"
1952,11,"November",94.2,39.4,"1952-11-01"
1952,12,"December",94.8,39.6,"1952-12-01"
1953,1,"January",94,39.9,"1953-01-01"
1953,2,"February",96,40.1,"1953-02-01"
1953,3,"March",95.5,40.1,"1953-03-01"
1953,4,"April",94.7,40.3,"1953-04-01"
1953,5,"May",93.3,38.6,"1953-05-01"
1953,6,"June",94.1,39.5,"1953-06-01"
1953,7,"July",95,40.3,"1953-07-01"
1953,8,"August",94.5,39.4,"1953-08-01"
1953,9,"September",94,39.3,"1953-09-01"
1953,10,"October",94.1,39.5,"1953-10-01"
1953,11,"November",93.7,38.6,"1953-11-01"
1953,12,"December",93.2,37.8,"1953-12-01"
1954,1,"January",92.3,39,"1954-01-01"
1954,2,"February",92.9,39.9,"1954-02-01"
1954,3,"March",91.9,38.9,"1954-03-01"
1954,4,"April",92.1,38.5,"1954-04-01"
1954,5,"May",92.1,39.4,"1954-05-01"
1954,6,"June",92.2,39.4,"1954-06-01"
1954,7,"July",92.2,38.5,"1954-07-01"
1954,8,"August",92.3,37.9,"1954-08-01"
1954,9,"September",92.4,39.7,"1954-09-01"
1954,10,"October",92.6,39.9,"1954-10-01"
1954,11,"November",92.7,40.1,"1954-11-01"
1954,12,"December",92.7,39.8,"1954-12-01"
1955,1,"January",93.2,40.7,"1955-01-01"
1955,2,"February",93.2,41.1,"1955-02-01"
1955,3,"March",93.4,40.8,"1955-03-01"
1955,4,"April",92.8,41.7,"1955-04-01"
1955,5,"May",93.5,41.1,"1955-05-01"
1955,6,"June",93.7,41.6,"1955-06-01"
1955,7,"July",93.5,42.7,"1955-07-01"
1955,8,"August",93.3,43.3,"1955-08-01"
1955,9,"September",93.6,43.2,"1955-09-01"
1955,10,"October",93.1,43.4,"1955-10-01"
1955,11,"November",93.1,43.4,"1955-11-01"
1955,12,"December",93.6,43.4,"1955-12-01"
1956,1,"January",93.9,43.5,"1956-01-01"
1956,2,"February",93.3,43.2,"1956-02-01"
1956,3,"March",93.6,43.3,"1956-03-01"
1956,4,"April",94.1,43.1,"1956-04-01"
1956,5,"May",93.8,43.5,"1956-05-01"
1956,6,"June",94.2,43.8,"1956-06-01"
1956,7,"July",93.6,43.6,"1956-07-01"
1956,8,"August",94.1,44.3,"1956-08-01"
1956,9,"September",93.6,44.4,"1956-09-01"
1956,10,"October",93.4,44.2,"1956-10-01"
1956,11,"November",93.4,44.2,"1956-11-01"
1956,12,"December",93,44.6,"1956-12-01"
1957,1,"January",92.9,44.1,"1957-01-01"
1957,2,"February",93.4,44.4,"1957-02-01"
1957,3,"March",94.5,44.9,"1957-03-01"
1957,4,"April",93.5,45.4,"1957-04-01"
1957,5,"May",93.4,45.2,"1957-05-01"
1957,6,"June",93.2,45.1,"1957-06-01"
1957,7,"July",93.4,46.2,"1957-07-01"
1957,8,"August",93.2,44.5,"1957-08-01"
1957,9,"September",93.1,45,"1957-09-01"
1957,10,"October",92.9,45.2,"1957-10-01"
1957,11,"November",92.4,45,"1957-11-01"
1957,12,"December",92.3,45.3,"1957-12-01"
1958,1,"January",92.2,45,"1958-01-01"
1958,2,"February",91.5,45.2,"1958-02-01"
1958,3,"March",90.8,45.3,"1958-03-01"
1958,4,"April",90.4,45.3,"1958-04-01"
1958,5,"May",90.7,45.4,"1958-05-01"
1958,6,"June",90.6,45.5,"1958-06-01"
1958,7,"July",91,45.6,"1958-07-01"
1958,8,"August",90.5,46.3,"1958-08-01"
1958,9,"September",91.3,45.4,"1958-09-01"
1958,10,"October",92,45.5,"1958-10-01"
1958,11,"November",91.8,45.3,"1958-11-01"
1958,12,"December",92,45.9,"1958-12-01"
1959,1,"January",91.6,46.5,"1959-01-01"
1959,2,"February",91.2,46.4,"1959-02-01"
1959,3,"March",92.1,46.6,"1959-03-01"
1959,4,"April",92.5,47,"1959-04-01"
1959,5,"May",92.5,47,"1959-05-01"
1959,6,"June",92.6,48.1,"1959-06-01"
1959,7,"July",92.5,47.5,"1959-07-01"
1959,8,"August",91.9,46.9,"1959-08-01"
1959,9,"September",91.8,46.4,"1959-09-01"
1959,10,"October",91.6,46.5,"1959-10-01"
1959,11,"November",91.2,47,"1959-11-01"
1959,12,"December",92.4,47.2,"1959-12-01"
1960,1,"January",92.1,47,"1960-01-01"
1960,2,"February",92.2,47,"1960-02-01"
1960,3,"March",91.4,46.8,"1960-03-01"
1960,4,"April",92.5,47.4,"1960-04-01"
1960,5,"May",92.3,47.6,"1960-05-01"
1960,6,"June",92.3,47.9,"1960-06-01"
1960,7,"July",91.9,48.2,"1960-07-01"
1960,8,"August",92,48.2,"1960-08-01"
1960,9,"September",91.8,49,"1960-09-01"
1960,10,"October",91.4,47.5,"1960-10-01"
1960,11,"November",91.5,48.2,"1960-11-01"
1960,12,"December",90.5,47.5,"1960-12-01"
1961,1,"January",90.5,47.1,"1961-01-01"
1961,2,"February",90.1,47,"1961-02-01"
1961,3,"March",90.7,47.7,"1961-03-01"
1961,4,"April",90.7,47.3,"1961-04-01"
1961,5,"May",90.6,47.7,"1961-05-01"
1961,6,"June",90.7,48.1,"1961-06-01"
1961,7,"July",90.7,47.5,"1961-07-01"
1961,8,"August",91.2,47.1,"1961-08-01"
1961,9,"September",91.2,47.2,"1961-09-01"
1961,10,"October",92,47.8,"1961-10-01"
1961,11,"November",91.4,47.9,"1961-11-01"
1961,12,"December",91.1,48,"1961-12-01"
1962,1,"January",91.6,48.5,"1962-01-01"
1962,2,"February",91.3,48.2,"1962-02-01"
1962,3,"March",91.5,47.7,"1962-03-01"
1962,4,"April",91.3,47.8,"1962-04-01"
1962,5,"May",92.1,48,"1962-05-01"
1962,6,"June",91.9,47.6,"1962-06-01"
1962,7,"July",91.8,47.6,"1962-07-01"
1962,8,"August",92,48.5,"1962-08-01"
1962,9,"September",92,48,"1962-09-01"
1962,10,"October",92.7,48,"1962-10-01"
1962,11,"November",92,47.8,"1962-11-01"
1962,12,"December",91.9,47.7,"1962-12-01"
1963,1,"January",91.6,47.9,"1963-01-01"
1963,2,"February",91.8,48.7,"1963-02-01"
1963,3,"March",92,48.9,"1963-03-01"
1963,4,"April",91.9,49.2,"1963-04-01"
1963,5,"May",91.9,48.3,"1963-05-01"
1963,6,"June",92.5,48.2,"1963-06-01"
1963,7,"July",92.6,47.5,"1963-07-01"
1963,8,"August",92.5,47.8,"1963-08-01"
1963,9,"September",92.4,48,"1963-09-01"
1963,10,"October",92.5,48.9,"1963-10-01"
1963,11,"November",92.6,49.2,"1963-11-01"
1963,12,"December",92.8,49.4,"1963-12-01"
1964,1,"January",92.4,49.4,"1964-01-01"
1964,2,"February",92.9,49.4,"1964-02-01"
1964,3,"March",92.7,49.4,"1964-03-01"
1964,4,"April",92.9,49.7,"1964-04-01"
1964,5,"May",93.1,49.6,"1964-05-01"
1964,6,"June",92.1,48.9,"1964-06-01"
1964,7,"July",92.5,49.1,"1964-07-01"
1964,8,"August",92.1,49.8,"1964-08-01"
1964,9,"September",92.9,49.8,"1964-09-01"
1964,10,"October",92.6,49.2,"1964-10-01"
1964,11,"November",92.6,48.7,"1964-11-01"
1964,12,"December",92.8,49.5,"1964-12-01"
1965,1,"January",92.8,49.5,"1965-01-01"
1965,2,"February",92.8,48.7,"1965-02-01"
1965,3,"March",92.9,48.7,"1965-03-01"
1965,4,"April",93.3,48.9,"1965-04-01"
1965,5,"May",93.3,49.2,"1965-05-01"
1965,6,"June",93.3,49.8,"1965-06-01"
1965,7,"July",93.3,50.1,"1965-07-01"
1965,8,"August",93.2,49.4,"1965-08-01"
1965,9,"September",93,49.3,"1965-09-01"
1965,10,"October",93.1,49.3,"1965-10-01"
1965,11,"November",93.4,49.4,"1965-11-01"
1965,12,"December",93.1,49.3,"1965-12-01"
1966,1,"January",93.6,49.3,"1966-01-01"
1966,2,"February",93.3,49.5,"1966-02-01"
1966,3,"March",93.3,49.7,"1966-03-01"
1966,4,"April",93.2,49.9,"1966-04-01"
1966,5,"May",93.2,50.3,"1966-05-01"
1966,6,"June",93.1,50.4,"1966-06-01"
1966,7,"July",93.1,50.8,"1966-07-01"
1966,8,"August",93.6,50.4,"1966-08-01"
1966,9,"September",93.7,50.8,"1966-09-01"
1966,10,"October",93.9,50.4,"1966-10-01"
1966,11,"November",93.8,50.8,"1966-11-01"
1966,12,"December",93.5,49.8,"1966-12-01"
1967,1,"January",93.8,50.1,"1967-01-01"
1967,2,"February",93.3,50.1,"1967-02-01"
1967,3,"March",93.2,49.3,"1967-03-01"
1967,4,"April",93.4,50.2,"1967-04-01"
1967,5,"May",93.3,50.1,"1967-05-01"
1967,6,"June",93.4,49.4,"1967-06-01"
1967,7,"July",93.6,50.1,"1967-07-01"
1967,8,"August",93.2,50.7,"1967-08-01"
1967,9,"September",93.3,50.3,"1967-09-01"
1967,10,"October",93.3,50.7,"1967-10-01"
1967,11,"November",93.1,50.6,"1967-11-01"
1967,12,"December",93.1,50.8,"1967-12-01"
1968,1,"January",93.1,50.7,"1968-01-01"
1968,2,"February",93.3,50.9,"1968-02-01"
1968,3,"March",93.3,51.2,"1968-03-01"
1968,4,"April",93.6,51,"1968-04-01"
1968,5,"May",93.5,51.2,"1968-05-01"
1968,6,"June",93.4,51.4,"1968-06-01"
1968,7,"July",93.6,51.3,"1968-07-01"
1968,8,"August",93.5,50.5,"1968-08-01"
1968,9,"September",93.1,51.1,"1968-09-01"
1968,10,"October",93.3,50.9,"1968-10-01"
1968,11,"November",93.4,51,"1968-11-01"
1968,12,"December",93.4,51.4,"1968-12-01"
1969,1,"January",93.4,51.5,"1969-01-01"
1969,2,"February",93.6,52.1,"1969-02-01"
1969,3,"March",93.4,52.1,"1969-03-01"
1969,4,"April",93,52.2,"1969-04-01"
1969,5,"May",93.3,52.1,"1969-05-01"
1969,6,"June",93.1,52,"1969-06-01"
1969,7,"July",92.8,52.2,"1969-07-01"
1969,8,"August",93,52.6,"1969-08-01"
1969,9,"September",93,53,"1969-09-01"
1969,10,"October",93,53,"1969-10-01"
1969,11,"November",93,53.1,"1969-11-01"
1969,12,"December",92.9,52.9,"1969-12-01"
1970,1,"January",93,52.9,"1970-01-01"
1970,2,"February",92.6,52.4,"1970-02-01"
1970,3,"March",92.5,52.5,"1970-03-01"
1970,4,"April",92.2,52.7,"1970-04-01"
1970,5,"May",92.1,52.1,"1970-05-01"
1970,6,"June",92.1,52.6,"1970-06-01"
1970,7,"July",91.7,52.7,"1970-07-01"
1970,8,"August",91.8,52.4,"1970-08-01"
1970,9,"September",91.6,52.3,"1970-09-01"
1970,10,"October",91.6,52.6,"1970-10-01"
1970,11,"November",91.5,52.3,"1970-11-01"
1970,12,"December",91.5,52.5,"1970-12-01"
1971,1,"January",91.3,52.6,"1971-01-01"
1971,2,"February",91.4,52.3,"1971-02-01"
1971,3,"March",91.1,51.9,"1971-03-01"
1971,4,"April",91.3,52,"1971-04-01"
1971,5,"May",91.4,52.2,"1971-05-01"
1971,6,"June",91.5,52,"1971-06-01"
1971,7,"July",91.1,51.7,"1971-07-01"
1971,8,"August",91.1,52,"1971-08-01"
1971,9,"September",90.9,51.8,"1971-09-01"
1971,10,"October",90.8,52.1,"1971-10-01"
1971,11,"November",90.7,52.5,"1971-11-01"
1971,12,"December",90.5,52.3,"1971-12-01"
1972,1,"January",90.9,52.5,"1972-01-01"
1972,2,"February",90.9,52.4,"1972-02-01"
1972,3,"March",91.1,52.6,"1972-03-01"
1972,4,"April",91.2,51.9,"1972-04-01"
1972,5,"May",90.8,51.9,"1972-05-01"
1972,6,"June",90.6,51.9,"1972-06-01"
1972,7,"July",90.8,51.9,"1972-07-01"
1972,8,"August",90.4,52.4,"1972-08-01"
1972,9,"September",90.6,51.9,"1972-09-01"
1972,10,"October",90.5,51.4,"1972-10-01"
1972,11,"November",90.6,50.7,"1972-11-01"
1972,12,"December",91,51.5,"1972-12-01"
1973,1,"January",90.6,51,"1973-01-01"
1973,2,"February",90.6,51.6,"1973-02-01"
1973,3,"March",91,51.4,"1973-03-01"
1973,4,"April",90.7,52,"1973-04-01"
1973,5,"May",90.8,52,"1973-05-01"
1973,6,"June",91,51.7,"1973-06-01"
1973,7,"July",91.3,52.7,"1973-07-01"
1973,8,"August",91.1,52,"1973-08-01"
1973,9,"September",91.6,52.5,"1973-09-01"
1973,10,"October",91.5,52.1,"1973-10-01"
1973,11,"November",90.9,52.6,"1973-11-01"
1973,12,"December",91.1,52.2,"1973-12-01"
1974,1,"January",91.1,52.4,"1974-01-01"
1974,2,"February",91,52.3,"1974-02-01"
1974,3,"March",90.3,52.7,"1974-03-01"
1974,4,"April",89.7,53,"1974-04-01"
1974,5,"May",90.2,53.1,"1974-05-01"
1974,6,"June",90.1,53.3,"1974-06-01"
1974,7,"July",89.9,53.9,"1974-07-01"
1974,8,"August",89.9,52.8,"1974-08-01"
1974,9,"September",89.5,52.4,"1974-09-01"
1974,10,"October",89.9,52.3,"1974-10-01"
1974,11,"November",89.2,51.6,"1974-11-01"
1974,12,"December",88.9,51.7,"1974-12-01"
1975,1,"January",87.6,51.4,"1975-01-01"
1975,2,"February",87.7,51.4,"1975-02-01"
1975,3,"March",87.7,51.5,"1975-03-01"
1975,4,"April",87.6,51.3,"1975-04-01"
1975,5,"May",87.7,51,"1975-05-01"
1975,6,"June",87.5,51.4,"1975-06-01"
1975,7,"July",87.5,51.5,"1975-07-01"
1975,8,"August",88,51.5,"1975-08-01"
1975,9,"September",87.6,51.2,"1975-09-01"
1975,10,"October",87.6,51.9,"1975-10-01"
1975,11,"November",87.9,51.3,"1975-11-01"
1975,12,"December",87.7,51.5,"1975-12-01"
1976,1,"January",87.8,51.7,"1976-01-01"
1976,2,"February",88,51.6,"1976-02-01"
1976,3,"March",87.6,51.5,"1976-03-01"
1976,4,"April",87.8,51.8,"1976-04-01"
1976,5,"May",87.9,52.1,"1976-05-01"
1976,6,"June",88,52.3,"1976-06-01"
1976,7,"July",88.1,52.3,"1976-07-01"
1976,8,"August",88.3,52.4,"1976-08-01"
1976,9,"September",88.1,52.4,"1976-09-01"
1976,10,"October",88.3,52.5,"1976-10-01"
1976,11,"November",87.6,52.6,"1976-11-01"
1976,12,"December",87.4,52.6,"1976-12-01"
1977,1,"January",87.2,52.5,"1977-01-01"
1977,2,"February",87.4,52.5,"1977-02-01"
1977,3,"March",87.6,52.6,"1977-03-01"
1977,4,"April",87.8,52.9,"1977-04-01"
1977,5,"May",88,52.9,"1977-05-01"
1977,6,"June",88.3,52.5,"1977-06-01"
1977,7,"July",88.2,52.5,"1977-07-01"
1977,8,"August",88.2,52.4,"1977-08-01"
1977,9,"September",88.7,53.1,"1977-09-01"
1977,10,"October",88.8,53.6,"1977-10-01"
1977,11,"November",89.3,54,"1977-11-01"
1977,12,"December",89.2,53.9,"1977-12-01"
1978,1,"January",89.1,54,"1978-01-01"
1978,2,"February",88.8,54.2,"1978-02-01"
1978,3,"March",88.9,54.3,"1978-03-01"
1978,4,"April",89,54.3,"1978-04-01"
1978,5,"May",88.9,53.4,"1978-05-01"
1978,6,"June",88.5,53.8,"1978-06-01"
1978,7,"July",88.6,54.8,"1978-07-01"
1978,8,"August",88.4,55.1,"1978-08-01"
1978,9,"September",88.5,55.7,"1978-09-01"
1978,10,"October",88.6,55.7,"1978-10-01"
1978,11,"November",88.9,56,"1978-11-01"
1978,12,"December",89.1,55.9,"1978-12-01"
1979,1,"January",89.2,56.1,"1979-01-01"
1979,2,"February",89.4,55.9,"1979-02-01"
1979,3,"March",89.5,55.9,"1979-03-01"
1979,4,"April",88.7,55.3,"1979-04-01"
1979,5,"May",88.8,54.8,"1979-05-01"
1979,6,"June",88.9,55,"1979-06-01"
1979,7,"July",89.1,56.4,"1979-07-01"
1979,8,"August",89.2,56.4,"1979-08-01"
1979,9,"September",88.9,56.5,"1979-09-01"
1979,10,"October",88.4,56.6,"1979-10-01"
1979,11,"November",88.4,56.8,"1979-11-01"
1979,12,"December",88.9,57.5,"1979-12-01"
1980,1,"January",88.7,57.1,"1980-01-01"
1980,2,"February",88.6,57.2,"1980-02-01"
1980,3,"March",88.4,57,"1980-03-01"
1980,4,"April",88.2,56.9,"1980-04-01"
1980,5,"May",87.8,56.5,"1980-05-01"
1980,6,"June",87.8,56.8,"1980-06-01"
1980,7,"July",87.4,56.9,"1980-07-01"
1980,8,"August",87.6,57.1,"1980-08-01"
1980,9,"September",87.7,57.6,"1980-09-01"
1980,10,"October",87.6,57.3,"1980-10-01"
1980,11,"November",87.4,57.2,"1980-11-01"
1980,12,"December",87.5,58,"1980-12-01"
1981,1,"January",87.7,58.6,"1981-01-01"
1981,2,"February",87.7,58.7,"1981-02-01"
1981,3,"March",88,58.7,"1981-03-01"
1981,4,"April",88.6,59.1,"1981-04-01"
1981,5,"May",88.3,59.1,"1981-05-01"
1981,6,"June",87.8,58.5,"1981-06-01"
1981,7,"July",87.9,58.1,"1981-07-01"
1981,8,"August",87.5,57.8,"1981-08-01"
1981,9,"September",87.5,57.2,"1981-09-01"
1981,10,"October",87.5,57.9,"1981-10-01"
1981,11,"November",87.8,57.9,"1981-11-01"
1981,12,"December",87,58,"1981-12-01"
1982,1,"January",86.7,57.1,"1982-01-01"
1982,2,"February",86.5,57.7,"1982-02-01"
1982,3,"March",86.5,57.8,"1982-03-01"
1982,4,"April",86.4,57.9,"1982-04-01"
1982,5,"May",86.4,58.6,"1982-05-01"
1982,6,"June",86.4,58.7,"1982-06-01"
1982,7,"July",86,59.2,"1982-07-01"
1982,8,"August",85.9,58,"1982-08-01"
1982,9,"September",85.7,57.9,"1982-09-01"
1982,10,"October",85.7,57.8,"1982-10-01"
1982,11,"November",85.5,57.7,"1982-11-01"
1982,12,"December",85.5,57.4,"1982-12-01"
1983,1,"January",85,57.2,"1983-01-01"
1983,2,"February",84.4,57.1,"1983-02-01"
1983,3,"March",84.9,57.3,"1983-03-01"
1983,4,"April",84.9,57.2,"1983-04-01"
1983,5,"May",84.8,57.2,"1983-05-01"
1983,6,"June",85.4,58.1,"1983-06-01"
1983,7,"July",86,58.4,"1983-07-01"
1983,8,"August",86.1,59.1,"1983-08-01"
1983,9,"September",86.3,59.3,"1983-09-01"
1983,10,"October",86.1,59.2,"1983-10-01"
1983,11,"November",85.7,59.2,"1983-11-01"
1983,12,"December",85.9,59,"1983-12-01"
1984,1,"January",86.2,58.7,"1984-01-01"
1984,2,"February",86.4,58.4,"1984-02-01"
1984,3,"March",86.5,59.5,"1984-03-01"
1984,4,"April",86.7,59.8,"1984-04-01"
1984,5,"May",86.4,60,"1984-05-01"
1984,6,"June",87.5,59.9,"1984-06-01"
1984,7,"July",87.3,59.7,"1984-07-01"
1984,8,"August",87.9,59.9,"1984-08-01"
1984,9,"September",87,59.6,"1984-09-01"
1984,10,"October",87.1,59.7,"1984-10-01"
1984,11,"November",87.5,59.8,"1984-11-01"
1984,12,"December",87.1,60,"1984-12-01"
1985,1,"January",86.5,60.9,"1985-01-01"
1985,2,"February",86.9,61.2,"1985-02-01"
1985,3,"March",86.9,61.3,"1985-03-01"
1985,4,"April",86.5,61.6,"1985-04-01"
1985,5,"May",86.8,61.3,"1985-05-01"
1985,6,"June",86.5,61,"1985-06-01"
1985,7,"July",86.5,60.7,"1985-07-01"
1985,8,"August",86.8,61.8,"1985-08-01"
1985,9,"September",87,61.3,"1985-09-01"
1985,10,"October",86.8,61.3,"1985-10-01"
1985,11,"November",87.1,61.8,"1985-11-01"
1985,12,"December",87.2,61.8,"1985-12-01"
1986,1,"January",87,62.9,"1986-01-01"
1986,2,"February",87.1,62.4,"1986-02-01"
1986,3,"March",86.8,62.4,"1986-03-01"
1986,4,"April",86.8,62.4,"1986-04-01"
1986,5,"May",86.8,62.1,"1986-05-01"
1986,6,"June",86.8,62.6,"1986-06-01"
1986,7,"July",86.9,63.1,"1986-07-01"
1986,8,"August",87.1,62.8,"1986-08-01"
1986,9,"September",87.2,63.2,"1986-09-01"
1986,10,"October",87.2,63.8,"1986-10-01"
1986,11,"November",86.9,63.7,"1986-11-01"
1986,12,"December",87.2,63.9,"1986-12-01"
1987,1,"January",86.9,63.6,"1987-01-01"
1987,2,"February",86.5,63.7,"1987-02-01"
1987,3,"March",86.8,63.9,"1987-03-01"
1987,4,"April",86.8,64.1,"1987-04-01"
1987,5,"May",87.2,64.8,"1987-05-01"
1987,6,"June",86.7,64.9,"1987-06-01"
1987,7,"July",86.8,64.8,"1987-07-01"
1987,8,"August",86.9,64.7,"1987-08-01"
1987,9,"September",87,65.2,"1987-09-01"
1987,10,"October",87,64.8,"1987-10-01"
1987,11,"November",87.2,65.1,"1987-11-01"
1987,12,"December",87.4,65.9,"1987-12-01"
1988,1,"January",87.6,65.9,"1988-01-01"
1988,2,"February",87.9,65.8,"1988-02-01"
1988,3,"March",88.2,66,"1988-03-01"
1988,4,"April",88.6,65.5,"1988-04-01"
1988,5,"May",88.3,66,"1988-05-01"
1988,6,"June",87.9,66,"1988-06-01"
1988,7,"July",87.7,66.6,"1988-07-01"
1988,8,"August",87.6,67.2,"1988-08-01"
1988,9,"September",87.3,67,"1988-09-01"
1988,10,"October",87.1,67.6,"1988-10-01"
1988,11,"November",87.5,67.7,"1988-11-01"
1988,12,"December",87.1,68,"1988-12-01"
1989,1,"January",87.8,68.3,"1989-01-01"
1989,2,"February",87.6,68.2,"1989-02-01"
1989,3,"March",88,68,"1989-03-01"
1989,4,"April",88.2,68.4,"1989-04-01"
1989,5,"May",88.4,68.1,"1989-05-01"
1989,6,"June",88.4,67.9,"1989-06-01"
1989,7,"July",88.2,67.6,"1989-07-01"
1989,8,"August",88.5,67.9,"1989-08-01"
1989,9,"September",88.1,68.6,"1989-09-01"
1989,10,"October",88.3,68.2,"1989-10-01"
1989,11,"November",88.3,68.9,"1989-11-01"
1989,12,"December",88.2,68.5,"1989-12-01"
1990,1,"January",87.8,68.5,"1990-01-01"
1990,2,"February",88.2,68.4,"1990-02-01"
1990,3,"March",87.5,68.7,"1990-03-01"
1990,4,"April",87.1,68.8,"1990-04-01"
1990,5,"May",87.3,68.9,"1990-05-01"
1990,6,"June",87.7,68.9,"1990-06-01"
1990,7,"July",87.7,69,"1990-07-01"
1990,8,"August",87.7,68.6,"1990-08-01"
1990,9,"September",87.4,69.2,"1990-09-01"
1990,10,"October",87.2,68.9,"1990-10-01"
1990,11,"November",86.7,68.8,"1990-11-01"
1990,12,"December",85.9,68.9,"1990-12-01"
1991,1,"January",86.2,68.9,"1991-01-01"
1991,2,"February",86.3,68.8,"1991-02-01"
1991,3,"March",86.6,68.8,"1991-03-01"
1991,4,"April",87.2,68.7,"1991-04-01"
1991,5,"May",86.2,69,"1991-05-01"
1991,6,"June",86.4,69.1,"1991-06-01"
1991,7,"July",86.4,69.4,"1991-07-01"
1991,8,"August",85.9,69.5,"1991-08-01"
1991,9,"September",85.9,69.2,"1991-09-01"
1991,10,"October",85.5,69.1,"1991-10-01"
1991,11,"November",85.5,68.5,"1991-11-01"
1991,12,"December",85.4,68.5,"1991-12-01"
1992,1,"January",85.6,68.6,"1992-01-01"
1992,2,"February",85.6,68.7,"1992-02-01"
1992,3,"March",85.7,68.8,"1992-03-01"
1992,4,"April",86.2,69.2,"1992-04-01"
1992,5,"May",85.6,69.3,"1992-05-01"
1992,6,"June",85.7,69.9,"1992-06-01"
1992,7,"July",85.6,69.8,"1992-07-01"
1992,8,"August",85.7,70,"1992-08-01"
1992,9,"September",85.6,69.4,"1992-09-01"
1992,10,"October",85.7,69.4,"1992-10-01"
1992,11,"November",85.4,69.3,"1992-11-01"
1992,12,"December",85.1,69.3,"1992-12-01"
1993,1,"January",85.2,69.2,"1993-01-01"
1993,2,"February",85.4,69.4,"1993-02-01"
1993,3,"March",84.4,70.2,"1993-03-01"
1993,4,"April",84.8,69.5,"1993-04-01"
1993,5,"May",85.4,69.8,"1993-05-01"
1993,6,"June",85.6,69.8,"1993-06-01"
1993,7,"July",85.6,69.6,"1993-07-01"
1993,8,"August",85.8,70.1,"1993-08-01"
1993,9,"September",85.7,70.5,"1993-09-01"
1993,10,"October",86,70.9,"1993-10-01"
1993,11,"November",86.6,71.5,"1993-11-01"
1993,12,"December",85.9,71.5,"1993-12-01"
1994,1,"January",86.1,71.7,"1994-01-01"
1994,2,"February",85.4,71.5,"1994-02-01"
1994,3,"March",85.8,71.4,"1994-03-01"
1994,4,"April",85.2,71.1,"1994-04-01"
1994,5,"May",85.5,71.1,"1994-05-01"
1994,6,"June",85.1,70.2,"1994-06-01"
1994,7,"July",85.3,71.3,"1994-07-01"
1994,8,"August",85.4,71.8,"1994-08-01"
1994,9,"September",85.3,72.8,"1994-09-01"
1994,10,"October",85.6,72,"1994-10-01"
1994,11,"November",85.9,72.4,"1994-11-01"
1994,12,"December",85.8,72.1,"1994-12-01"
1995,1,"January",86.1,72.1,"1995-01-01"
1995,2,"February",86.1,72.2,"1995-02-01"
1995,3,"March",85.9,72.5,"1995-03-01"
1995,4,"April",85.7,72.2,"1995-04-01"
1995,5,"May",86,72,"1995-05-01"
1995,6,"June",85.6,71.3,"1995-06-01"
1995,7,"July",86,71.8,"1995-07-01"
1995,8,"August",85.6,72,"1995-08-01"
1995,9,"September",85.8,72,"1995-09-01"
1995,10,"October",85.5,72,"1995-10-01"
1995,11,"November",85.3,71.9,"1995-11-01"
1995,12,"December",85.4,72,"1995-12-01"
1996,1,"January",85.4,72.1,"1996-01-01"
1996,2,"February",85.4,72.5,"1996-02-01"
1996,3,"March",85.6,72.7,"1996-03-01"
1996,4,"April",85.9,72.7,"1996-04-01"
1996,5,"May",85.9,72.8,"1996-05-01"
1996,6,"June",86.5,73.1,"1996-06-01"
1996,7,"July",87,73.4,"1996-07-01"
1996,8,"August",86.7,73.6,"1996-08-01"
1996,9,"September",86.1,73.5,"1996-09-01"
1996,10,"October",86.1,73.2,"1996-10-01"
1996,11,"November",86,72.9,"1996-11-01"
1996,12,"December",85.9,72.9,"1996-12-01"
1997,1,"January",86.3,73.7,"1997-01-01"
1997,2,"February",87,73.2,"1997-02-01"
1997,3,"March",87,73.7,"1997-03-01"
1997,4,"April",86.9,73.7,"1997-04-01"
1997,5,"May",86.6,73.7,"1997-05-01"
1997,6,"June",86.8,73.9,"1997-06-01"
1997,7,"July",86.9,74.2,"1997-07-01"
1997,8,"August",86.7,74.4,"1997-08-01"
1997,9,"September",86.4,74,"1997-09-01"
1997,10,"October",86.3,74.1,"1997-10-01"
1997,11,"November",86.5,74,"1997-11-01"
1997,12,"December",86.7,73.7,"1997-12-01"
1998,1,"January",86.8,73.4,"1998-01-01"
1998,2,"February",86.9,73.3,"1998-02-01"
1998,3,"March",87,73.8,"1998-03-01"
1998,4,"April",86.6,73.6,"1998-04-01"
1998,5,"May",86.4,73.9,"1998-05-01"
1998,6,"June",86.5,74.1,"1998-06-01"
1998,7,"July",86.4,74.3,"1998-07-01"
1998,8,"August",86.8,74.3,"1998-08-01"
1998,9,"September",86.8,75,"1998-09-01"
1998,10,"October",86.8,74.3,"1998-10-01"
1998,11,"November",87,74.6,"1998-11-01"
1998,12,"December",86.5,74.7,"1998-12-01"
1999,1,"January",87.4,74.8,"1999-01-01"
1999,2,"February",86.5,74.6,"1999-02-01"
1999,3,"March",86.7,74,"1999-03-01"
1999,4,"April",86.8,74.7,"1999-04-01"
1999,5,"May",86.5,74.7,"1999-05-01"
1999,6,"June",86.4,75.1,"1999-06-01"
1999,7,"July",86,74.6,"1999-07-01"
1999,8,"August",86.2,75.1,"1999-08-01"
1999,9,"September",85.8,75.3,"1999-09-01"
1999,10,"October",86.4,75.1,"1999-10-01"
1999,11,"November",86.4,74.7,"1999-11-01"
1999,12,"December",86.5,74.6,"1999-12-01"
2000,1,"January",86.6,75,"2000-01-01"
2000,2,"February",86.7,75.3,"2000-02-01"
2000,3,"March",86.7,75.5,"2000-03-01"
2000,4,"April",86.6,75.7,"2000-04-01"
2000,5,"May",86.6,75.2,"2000-05-01"
2000,6,"June",86.6,74.9,"2000-06-01"
2000,7,"July",86.3,74.6,"2000-07-01"
2000,8,"August",86.3,74,"2000-08-01"
2000,9,"September",86.4,74.6,"2000-09-01"
2000,10,"October",86.1,74.9,"2000-10-01"
2000,11,"November",86.3,74.6,"2000-11-01"
2000,12,"December",86,74.6,"2000-12-01"
2001,1,"January",86.2,74.6,"2001-01-01"
2001,2,"February",85.7,74.4,"2001-02-01"
2001,3,"March",85.8,74.9,"2001-03-01"
2001,4,"April",85.7,74.2,"2001-04-01"
2001,5,"May",86.1,74.6,"2001-05-01"
2001,6,"June",86.1,74.6,"2001-06-01"
2001,7,"July",86.1,74.4,"2001-07-01"
2001,8,"August",85.6,73.6,"2001-08-01"
2001,9,"September",85.8,73.9,"2001-09-01"
2001,10,"October",85.4,73.4,"2001-10-01"
2001,11,"November",84.7,73.7,"2001-11-01"
2001,12,"December",85,73.5,"2001-12-01"
2002,1,"January",84.8,73.2,"2002-01-01"
2002,2,"February",85.2,73.4,"2002-02-01"
2002,3,"March",85,73.2,"2002-03-01"
2002,4,"April",84.7,73.4,"2002-04-01"
2002,5,"May",84.6,73.1,"2002-05-01"
2002,6,"June",84.4,72.9,"2002-06-01"
2002,7,"July",85.2,72,"2002-07-01"
2002,8,"August",84.8,73.2,"2002-08-01"
2002,9,"September",84.7,73.5,"2002-09-01"
2002,10,"October",84.8,73,"2002-10-01"
2002,11,"November",84.3,73.1,"2002-11-01"
2002,12,"December",84.1,73.3,"2002-12-01"
2003,1,"January",83.4,73.7,"2003-01-01"
2003,2,"February",83.7,73.5,"2003-02-01"
2003,3,"March",83.8,73.9,"2003-03-01"
2003,4,"April",83.8,73.9,"2003-04-01"
2003,5,"May",83.9,74.1,"2003-05-01"
2003,6,"June",84,74.6,"2003-06-01"
2003,7,"July",83.9,74.2,"2003-07-01"
2003,8,"August",83.9,73.9,"2003-08-01"
2003,9,"September",83.6,73.7,"2003-09-01"
2003,10,"October",83.9,73.7,"2003-10-01"
2003,11,"November",83.7,73.8,"2003-11-01"
2003,12,"December",84.5,73.7,"2003-12-01"
2004,1,"January",84.5,73.6,"2004-01-01"
2004,2,"February",84.4,73.6,"2004-02-01"
2004,3,"March",83.8,73.5,"2004-03-01"
2004,4,"April",84.2,73.6,"2004-04-01"
2004,5,"May",84,73.5,"2004-05-01"
2004,6,"June",84,73.5,"2004-06-01"
2004,7,"July",84.6,73.7,"2004-07-01"
2004,8,"August",84.1,73.8,"2004-08-01"
2004,9,"September",84,73.8,"2004-09-01"
2004,10,"October",84,73.8,"2004-10-01"
2004,11,"November",83.8,73.6,"2004-11-01"
2004,12,"December",83.7,73,"2004-12-01"
2005,1,"January",84.1,73.2,"2005-01-01"
2005,2,"February",84.3,73.5,"2005-02-01"
2005,3,"March",84.9,73.1,"2005-03-01"
2005,4,"April",85.2,73.2,"2005-04-01"
2005,5,"May",85.1,73.3,"2005-05-01"
2005,6,"June",84.7,73.3,"2005-06-01"
2005,7,"July",84.8,73.5,"2005-07-01"
2005,8,"August",85.4,74,"2005-08-01"
2005,9,"September",84.5,73.3,"2005-09-01"
2005,10,"October",84.4,73.2,"2005-10-01"
2005,11,"November",84.2,73,"2005-11-01"
2005,12,"December",84.3,73.3,"2005-12-01"
2006,1,"January",84.8,73.5,"2006-01-01"
2006,2,"February",84.8,73.7,"2006-02-01"
2006,3,"March",84.9,73.8,"2006-03-01"
2006,4,"April",85.1,73.7,"2006-04-01"
2006,5,"May",84.9,73.9,"2006-05-01"
2006,6,"June",85.6,73.6,"2006-06-01"
2006,7,"July",85.3,73.9,"2006-07-01"
2006,8,"August",85.4,73.3,"2006-08-01"
2006,9,"September",85.7,73.4,"2006-09-01"
2006,10,"October",85.9,73.7,"2006-10-01"
2006,11,"November",85.9,73.2,"2006-11-01"
2006,12,"December",86,73.7,"2006-12-01"
2007,1,"January",86,73.7,"2007-01-01"
2007,2,"February",85.6,73.3,"2007-02-01"
2007,3,"March",85.4,73.8,"2007-03-01"
2007,4,"April",85.3,73.4,"2007-04-01"
2007,5,"May",85.4,73.9,"2007-05-01"
2007,6,"June",85.4,73.9,"2007-06-01"
2007,7,"July",85.1,73.8,"2007-07-01"
2007,8,"August",85,73.8,"2007-08-01"
2007,9,"September",85.2,73.6,"2007-09-01"
2007,10,"October",85.1,73.2,"2007-10-01"
2007,11,"November",85.7,73.1,"2007-11-01"
2007,12,"December",85.9,73,"2007-12-01"
2008,1,"January",85.9,73.2,"2008-01-01"
2008,2,"February",85.5,73,"2008-02-01"
2008,3,"March",85.1,73.2,"2008-03-01"
2008,4,"April",84.7,73.2,"2008-04-01"
2008,5,"May",84.5,73.1,"2008-05-01"
2008,6,"June",84.3,73.4,"2008-06-01"
2008,7,"July",84.7,73,"2008-07-01"
2008,8,"August",84,73.2,"2008-08-01"
2008,9,"September",83.5,73.1,"2008-09-01"
2008,10,"October",83.5,73,"2008-10-01"
2008,11,"November",83.3,72.9,"2008-11-01"
2008,12,"December",81.9,72.6,"2008-12-01"
2009,1,"January",81.3,72.3,"2009-01-01"
2009,2,"February",81,72.1,"2009-02-01"
2009,3,"March",81,71.8,"2009-03-01"
2009,4,"April",80.9,72,"2009-04-01"
2009,5,"May",80.7,71.5,"2009-05-01"
2009,6,"June",80.4,71.1,"2009-06-01"
2009,7,"July",80.1,71.3,"2009-07-01"
2009,8,"August",80.2,70.9,"2009-08-01"
2009,9,"September",79.5,70.5,"2009-09-01"
2009,10,"October",79.7,71.2,"2009-10-01"
2009,11,"November",79.4,71.8,"2009-11-01"
2009,12,"December",79,70.9,"2009-12-01"
2010,1,"January",79.4,71.3,"2010-01-01"
2010,2,"February",79.3,71.4,"2010-02-01"
2010,3,"March",79.1,71.3,"2010-03-01"
2010,4,"April",79.8,71,"2010-04-01"
2010,5,"May",79.8,70.1,"2010-05-01"
2010,6,"June",79.7,70.6,"2010-06-01"
2010,7,"July",79.4,70.2,"2010-07-01"
2010,8,"August",79.3,70.1,"2010-08-01"
2010,9,"September",79.7,70.2,"2010-09-01"
2010,10,"October",79.5,69.8,"2010-10-01"
2010,11,"November",79,70.3,"2010-11-01"
2010,12,"December",79,71.2,"2010-12-01"
2011,1,"January",79.3,70.8,"2011-01-01"
2011,2,"February",79.6,70.6,"2011-02-01"
2011,3,"March",79.3,70.3,"2011-03-01"
2011,4,"April",79.6,70.5,"2011-04-01"
2011,5,"May",80,70.2,"2011-05-01"
2011,6,"June",79.7,70.2,"2011-06-01"
2011,7,"July",79.8,70.2,"2011-07-01"
2011,8,"August",79.9,70.2,"2011-08-01"
2011,9,"September",79.7,70.2,"2011-09-01"
2011,10,"October",79.7,70.3,"2011-10-01"
2011,11,"November",80.2,70.3,"2011-11-01"
2011,12,"December",80.6,70.5,"2011-12-01"
2012,1,"January",80.8,70,"2012-01-01"
2012,2,"February",80.8,69.7,"2012-02-01"
2012,3,"March",81.1,69.7,"2012-03-01"
2012,4,"April",80.7,69.4,"2012-04-01"
2012,5,"May",80.7,70,"2012-05-01"
2012,6,"June",81.1,69.6,"2012-06-01"
2012,7,"July",80.4,70.2,"2012-07-01"
2012,8,"August",80.4,70.4,"2012-08-01"
2012,9,"September",80.8,70.5,"2012-09-01"
2012,10,"October",80.6,70.5,"2012-10-01"
2012,11,"November",80.4,70.1,"2012-11-01"
2012,12,"December",80.8,70,"2012-12-01"
2013,1,"January",80.3,69.8,"2013-01-01"
2013,2,"February",80.4,70.5,"2013-02-01"
2013,3,"March",80.4,70,"2013-03-01"
2013,4,"April",80.4,70.1,"2013-04-01"
2013,5,"May",80.5,70.1,"2013-05-01"
2013,6,"June",81.1,70.2,"2013-06-01"
2013,7,"July",81,70,"2013-07-01"
2013,8,"August",80.7,70.2,"2013-08-01"
2013,9,"September",80.5,70.2,"2013-09-01"
2013,10,"October",80.3,69.7,"2013-10-01"
2013,11,"November",81.1,69.7,"2013-11-01"
2013,12,"December",80.9,69.8,"2013-12-01"
2014,1,"January",80.9,69.8,"2014-01-01"
2014,2,"February",80.6,70.1,"2014-02-01"
2014,3,"March",81.3,70.5,"2014-03-01"
2014,4,"April",81.5,70.5,"2014-04-01"
2014,5,"May",81.7,70.5,"2014-05-01"
2014,6,"June",82.1,71.3,"2014-06-01"
2014,7,"July",82.3,70.8,"2014-07-01"
2014,8,"August",82.4,71,"2014-08-01"
2014,9,"September",82.4,70.3,"2014-09-01"
2014,10,"October",82.3,70.5,"2014-10-01"
2014,11,"November",82.1,70.3,"2014-11-01"
2014,12,"December",82.3,70.7,"2014-12-01"
2015,1,"January",82.4,70.7,"2015-01-01"
2015,2,"February",82.6,70.8,"2015-02-01"
2015,3,"March",82.8,70.2,"2015-03-01"
2015,4,"April",82.6,70.7,"2015-04-01"
2015,5,"May",82.6,70.8,"2015-05-01"
2015,6,"June",82.6,71.2,"2015-06-01"
2015,7,"July",82.9,70.3,"2015-07-01"
2015,8,"August",83.1,70.2,"2015-08-01"
2015,9,"September",82.9,70.4,"2015-09-01"
2015,10,"October",82.7,70.6,"2015-10-01"
2015,11,"November",83.1,71,"2015-11-01"
2015,12,"December",82.7,70.8,"2015-12-01"
2016,1,"January",83.4,70.8,"2016-01-01"
2016,2,"February",83.4,71,"2016-02-01"
2016,3,"March",83.7,71.2,"2016-03-01"
2016,4,"April",83.4,71.4,"2016-04-01"
2016,5,"May",83.1,71.2,"2016-05-01"
2016,6,"June",83.3,71.2,"2016-06-01"
2016,7,"July",83,71.4,"2016-07-01"
2016,8,"August",83.1,71,"2016-08-01"
2016,9,"September",83.5,71,"2016-09-01"
2016,10,"October",83.9,72,"2016-10-01"
2016,11,"November",83.6,71.4,"2016-11-01"
2016,12,"December",83.5,71.2,"2016-12-01"
2017,1,"January",83.4,71.3,"2017-01-01"
2017,2,"February",83.6,71.2,"2017-02-01"
2017,3,"March",83.5,71.9,"2017-03-01"
2017,4,"April",83.8,72,"2017-04-01"
2017,5,"May",83.9,72.1,"2017-05-01"
2017,6,"June",83.3,71.9,"2017-06-01"
2017,7,"July",83.7,72.4,"2017-07-01"
2017,8,"August",83.4,72.1,"2017-08-01"
2017,9,"September",84.1,72.5,"2017-09-01"
2017,10,"October",84,72.1,"2017-10-01"
2017,11,"November",84.2,72.5,"2017-11-01"
2017,12,"December",84.9,72.2,"2017-12-01"
2018,1,"January",84.7,71.9,"2018-01-01"
2018,2,"February",85.1,72.4,"2018-02-01"
2018,3,"March",84.6,72.4,"2018-03-01"
2018,4,"April",84.6,71.8,"2018-04-01"
2018,5,"May",84.7,72.5,"2018-05-01"
2018,6,"June",84,72.9,"2018-06-01"
2018,7,"July",84.1,73.1,"2018-07-01"
2018,8,"August",84.1,73.1,"2018-08-01"
2018,9,"September",84.5,73.4,"2018-09-01"
2018,10,"October",84.6,73.1,"2018-10-01"
2018,11,"November",85.1,73,"2018-11-01"
2018,12,"December",84.4,73.2,"2018-12-01"
2019,1,"January",84.9,73.5,"2019-01-01"
2019,2,"February",84.8,73.4,"2019-02-01"
2019,3,"March",85.4,73.5,"2019-03-01"
2019,4,"April",85.2,73.8,"2019-04-01"
2019,5,"May",84.8,73.7,"2019-05-01"
2019,6,"June",84.7,73.3,"2019-06-01"
2019,7,"July",85,73.1,"2019-07-01"
2019,8,"August",84.9,73.7,"2019-08-01"
2019,9,"September",85.1,73.7,"2019-09-01"
2019,10,"October",85.1,74,"2019-10-01"
2019,11,"November",85.4,74.1,"2019-11-01"
2019,12,"December",85.3,74.1,"2019-12-01"
2020,1,"January",85.9,73.8,"2020-01-01"
2020,2,"February",85.5,73.9,"2020-02-01"
2020,3,"March",84.9,73.5,"2020-03-01"
2020,4,"April",75.8,63.2,"2020-04-01"
2020,5,"May",78.4,64.9,"2020-05-01"
2020,6,"June",81.1,67.5,"2020-06-01"
2020,7,"July",80.9,67.7,"2020-07-01"
2020,8,"August",81.9,69.2,"2020-08-01"
2020,9,"September",81.3,68.7,"2020-09-01"
2020,10,"October",81.7,70.2,"2020-10-01"
2020,11,"November",81.6,70.6,"2020-11-01"
2020,12,"December",81.8,71.1,"2020-12-01"
2021,1,"January",81.9,70.9,"2021-01-01"
2021,2,"February",82.2,71.3,"2021-02-01"
2021,3,"March",81.9,71.9,"2021-03-01"
2021,4,"April",81.9,71.5,"2021-04-01"
2021,5,"May",81.9,71.7,"2021-05-01"
2021,6,"June",82.9,71.4,"2021-06-01"
2021,7,"July",83.2,72.3,"2021-07-01"
2021,8,"August",83.6,72,"2021-08-01"
2021,9,"September",83.6,72.8,"2021-09-01"
2021,10,"October",84.1,71.9,"2021-10-01"
2021,11,"November",84.3,72.6,"2021-11-01"
2021,12,"December",84.6,72.5,"2021-12-01"
2022,1,"January",84.4,73.1,"2022-01-01"
2022,2,"February",84.5,72.6,"2022-02-01"
2022,3,"March",85.1,73.4,"2022-03-01"
2022,4,"April",85,72.8,"2022-04-01"
2022,5,"May",85.1,72.6,"2022-05-01"
2022,6,"June",85.1,72.9,"2022-06-01"
2022,7,"July",85.1,73.4,"2022-07-01"
2022,8,"August",84.9,74.5,"2022-08-01"
