"year","period","periodName","Total Employment (%)","Employment among men (%)","Employment among women (%)","date"
1948,1,"January",56.6,83.8,30.9,"1948-01-01"
1948,2,"February",56.7,83.9,31,"1948-02-01"
1948,3,"March",56.1,83,30.7,"1948-03-01"
1948,4,"April",56.7,83.3,31.6,"1948-04-01"
1948,5,"May",56.2,83.1,30.9,"1948-05-01"
1948,6,"June",57,83.7,31.9,"1948-06-01"
1948,7,"July",57.1,83.8,32,"1948-07-01"
1948,8,"August",56.6,83.5,31.3,"1948-08-01"
1948,9,"September",56.6,83.2,31.7,"1948-09-01"
1948,10,"October",56.5,83.5,31.1,"1948-10-01"
1948,11,"November",56.5,83.3,31.3,"1948-11-01"
1948,12,"December",56.8,83.5,31.6,"1948-12-01"
1949,1,"January",56.2,82.8,31.2,"1949-01-01"
1949,2,"February",56.2,82.6,31.5,"1949-02-01"
1949,3,"March",56,82.1,31.5,"1949-03-01"
1949,4,"April",55.7,82,31,"1949-04-01"
1949,5,"May",55.4,81.3,31.1,"1949-05-01"
1949,6,"June",55,80.9,30.7,"1949-06-01"
1949,7,"July",55,80.4,31.1,"1949-07-01"
1949,8,"August",55.1,80.7,31.2,"1949-08-01"
1949,9,"September",55.3,81,31.1,"1949-09-01"
1949,10,"October",54.9,80,31.3,"1949-10-01"
1949,11,"November",55.6,81.2,31.6,"1949-11-01"
1949,12,"December",55.3,81,31.3,"1949-12-01"
1950,1,"January",55.1,80.7,31.1,"1950-01-01"
1950,2,"February",55.1,80.7,31.1,"1950-02-01"
1950,3,"March",55.1,80.7,31,"1950-03-01"
1950,4,"April",55.8,81.1,32.1,"1950-04-01"
1950,5,"May",55.8,81.6,31.6,"1950-05-01"
1950,6,"June",56.2,81.8,32.1,"1950-06-01"
1950,7,"July",56.1,82,31.8,"1950-07-01"
1950,8,"August",56.8,82.8,32.5,"1950-08-01"
1950,9,"September",56.6,82.9,32,"1950-09-01"
1950,10,"October",56.9,83,32.6,"1950-10-01"
1950,11,"November",56.9,83.1,32.6,"1950-11-01"
1950,12,"December",56.7,83,32.4,"1950-12-01"
1951,1,"January",56.9,83.1,32.7,"1951-01-01"
1951,2,"February",57,83.7,32.6,"1951-02-01"
1951,3,"March",57.7,84.5,33.3,"1951-03-01"
1951,4,"April",57.3,84.1,32.9,"1951-04-01"
1951,5,"May",57.6,84.5,33.2,"1951-05-01"
1951,6,"June",57.1,84,32.7,"1951-06-01"
1951,7,"July",57.6,83.9,33.8,"1951-07-01"
1951,8,"August",57.4,84.1,33.3,"1951-08-01"
1951,9,"September",57.1,84,32.9,"1951-09-01"
1951,10,"October",57.3,84.1,33.2,"1951-10-01"
1951,11,"November",57.1,83.8,33.1,"1951-11-01"
1951,12,"December",57.7,84.5,33.6,"1951-12-01"
1952,1,"January",57.7,84.4,33.7,"1952-01-01"
1952,2,"February",57.7,84.5,33.5,"1952-02-01"
1952,3,"March",57.1,84.2,32.9,"1952-03-01"
1952,4,"April",57.1,84,33.1,"1952-04-01"
1952,5,"May",57.3,84.2,33.3,"1952-05-01"
1952,6,"June",57.3,84,33.4,"1952-06-01"
1952,7,"July",57,83.7,33.1,"1952-07-01"
1952,8,"August",56.8,83.2,33.1,"1952-08-01"
1952,9,"September",57.4,83.3,34.2,"1952-09-01"
1952,10,"October",56.9,83.4,33.3,"1952-10-01"
1952,11,"November",57.5,83.5,34.2,"1952-11-01"
1952,12,"December",57.6,84.3,33.8,"1952-12-01"
1953,1,"January",57.8,84.1,34.1,"1953-01-01"
1953,2,"February",58,84.7,33.9,"1953-02-01"
1953,3,"March",58.1,84.7,34.1,"1953-03-01"
1953,4,"April",57.5,84,33.6,"1953-04-01"
1953,5,"May",57.1,83.7,33.1,"1953-05-01"
1953,6,"June",57.4,83.8,33.7,"1953-06-01"
1953,7,"July",57.4,83.8,33.6,"1953-07-01"
1953,8,"August",57.1,83.6,33.2,"1953-08-01"
1953,9,"September",56.8,83.1,33.1,"1953-09-01"
1953,10,"October",56.7,82.9,33.1,"1953-10-01"
1953,11,"November",56.5,83,32.6,"1953-11-01"
1953,12,"December",55.7,82.2,31.9,"1953-12-01"
1954,1,"January",55.7,82,31.9,"1954-01-01"
1954,2,"February",56.2,82,33,"1954-02-01"
1954,3,"March",55.7,81,32.9,"1954-03-01"
1954,4,"April",55.7,81.1,32.7,"1954-04-01"
1954,5,"May",55.4,80.8,32.4,"1954-05-01"
1954,6,"June",55.2,80.7,32.2,"1954-06-01"
1954,7,"July",55,80.6,31.9,"1954-07-01"
1954,8,"August",55.2,80.8,32.1,"1954-08-01"
1954,9,"September",55.5,80.9,32.7,"1954-09-01"
1954,10,"October",55.5,80.6,32.8,"1954-10-01"
1954,11,"November",55.5,80.7,32.7,"1954-11-01"
1954,12,"December",55.2,80.6,32.3,"1954-12-01"
1955,1,"January",55.7,81,32.9,"1955-01-01"
1955,2,"February",55.7,81,32.8,"1955-02-01"
1955,3,"March",55.8,81.2,32.8,"1955-03-01"
1955,4,"April",56.2,81.2,33.6,"1955-04-01"
1955,5,"May",56.3,81.6,33.3,"1955-05-01"
1955,6,"June",56.3,81.5,33.5,"1955-06-01"
1955,7,"July",56.9,82.1,34.2,"1955-07-01"
1955,8,"August",57.1,82,34.6,"1955-08-01"
1955,9,"September",57.2,82.4,34.4,"1955-09-01"
1955,10,"October",57.2,82.3,34.5,"1955-10-01"
1955,11,"November",57.4,82.5,34.7,"1955-11-01"
1955,12,"December",57.7,82.7,35.2,"1955-12-01"
1956,1,"January",57.8,82.9,35,"1956-01-01"
1956,2,"February",57.5,82.6,34.8,"1956-02-01"
1956,3,"March",57.3,82.5,34.5,"1956-03-01"
1956,4,"April",57.5,82.5,34.9,"1956-04-01"
1956,5,"May",57.6,82.4,35.2,"1956-05-01"
1956,6,"June",57.5,82.3,35.1,"1956-06-01"
1956,7,"July",57.5,82.2,35,"1956-07-01"
1956,8,"August",57.6,82.3,35.2,"1956-08-01"
1956,9,"September",57.6,82.1,35.4,"1956-09-01"
1956,10,"October",57.5,82,35.2,"1956-10-01"
1956,11,"November",57.3,81.7,35.1,"1956-11-01"
1956,12,"December",57.3,81.7,35.2,"1956-12-01"
1957,1,"January",57,81.5,34.9,"1957-01-01"
1957,2,"February",57.5,81.9,35.4,"1957-02-01"
1957,3,"March",57.6,82.2,35.4,"1957-03-01"
1957,4,"April",57.2,81.8,35,"1957-04-01"
1957,5,"May",57.1,81.7,34.9,"1957-05-01"
1957,6,"June",57.2,81.8,35,"1957-06-01"
1957,7,"July",57.5,81.8,35.4,"1957-07-01"
1957,8,"August",56.9,81.2,34.9,"1957-08-01"
1957,9,"September",57,81,35.2,"1957-09-01"
1957,10,"October",56.8,80.7,35.2,"1957-10-01"
1957,11,"November",56.4,80.1,35,"1957-11-01"
1957,12,"December",56.6,80.1,35.3,"1957-12-01"
1958,1,"January",55.9,79.3,34.7,"1958-01-01"
1958,2,"February",55.5,78.7,34.6,"1958-02-01"
1958,3,"March",55.3,78.3,34.6,"1958-03-01"
1958,4,"April",55.2,78.1,34.5,"1958-04-01"
1958,5,"May",55.4,78.3,34.6,"1958-05-01"
1958,6,"June",55.2,78.1,34.5,"1958-06-01"
1958,7,"July",55.2,78.2,34.3,"1958-07-01"
1958,8,"August",55.4,78.3,34.6,"1958-08-01"
1958,9,"September",55.4,78.6,34.4,"1958-09-01"
1958,10,"October",55.6,78.9,34.5,"1958-10-01"
1958,11,"November",55.5,78.7,34.6,"1958-11-01"
1958,12,"December",55.5,78.6,34.6,"1958-12-01"
1959,1,"January",55.7,78.8,34.8,"1959-01-01"
1959,2,"February",55.5,78.7,34.6,"1959-02-01"
1959,3,"March",56,79.3,34.8,"1959-03-01"
1959,4,"April",56.3,79.8,35,"1959-04-01"
1959,5,"May",56.2,79.6,35,"1959-05-01"
1959,6,"June",56.3,79.5,35.2,"1959-06-01"
1959,7,"July",56.3,79.8,35,"1959-07-01"
1959,8,"August",56.1,79.4,35,"1959-08-01"
1959,9,"September",56,79.3,34.9,"1959-09-01"
1959,10,"October",56.1,79.2,35.1,"1959-10-01"
1959,11,"November",55.7,78.6,34.9,"1959-11-01"
1959,12,"December",56.3,79.7,35.1,"1959-12-01"
1960,1,"January",56,79.4,34.9,"1960-01-01"
1960,2,"February",56.2,79.6,35.1,"1960-02-01"
1960,3,"March",55.4,78.5,34.5,"1960-03-01"
1960,4,"April",56.4,79.4,35.7,"1960-04-01"
1960,5,"May",56.4,79.2,35.8,"1960-05-01"
1960,6,"June",56.5,78.9,36.2,"1960-06-01"
1960,7,"July",56.2,78.7,35.8,"1960-07-01"
1960,8,"August",56.1,78.7,35.7,"1960-08-01"
1960,9,"September",56.4,78.9,36.1,"1960-09-01"
1960,10,"October",55.8,78.5,35.3,"1960-10-01"
1960,11,"November",56.1,78.7,35.7,"1960-11-01"
1960,12,"December",55.7,78.1,35.6,"1960-12-01"
1961,1,"January",55.7,78,35.5,"1961-01-01"
1961,2,"February",55.5,77.4,35.6,"1961-02-01"
1961,3,"March",55.6,77.6,35.8,"1961-03-01"
1961,4,"April",55.2,77.2,35.3,"1961-04-01"
1961,5,"May",55.2,77.3,35.2,"1961-05-01"
1961,6,"June",55.6,77.7,35.6,"1961-06-01"
1961,7,"July",55.2,77.3,35.2,"1961-07-01"
1961,8,"August",55.3,77.6,35.3,"1961-08-01"
1961,9,"September",55,77.4,34.9,"1961-09-01"
1961,10,"October",55.3,77.5,35.3,"1961-10-01"
1961,11,"November",55.5,77.9,35.3,"1961-11-01"
1961,12,"December",55.3,77.8,35.1,"1961-12-01"
1962,1,"January",55.4,77.8,35.4,"1962-01-01"
1962,2,"February",55.7,78.2,35.6,"1962-02-01"
1962,3,"March",55.7,78.2,35.5,"1962-03-01"
1962,4,"April",55.4,77.7,35.5,"1962-04-01"
1962,5,"May",55.7,78.1,35.5,"1962-05-01"
1962,6,"June",55.6,77.8,35.6,"1962-06-01"
1962,7,"July",55.3,77.5,35.4,"1962-07-01"
1962,8,"August",55.7,77.7,35.8,"1962-08-01"
1962,9,"September",55.7,77.7,35.9,"1962-09-01"
1962,10,"October",55.5,77.7,35.6,"1962-10-01"
1962,11,"November",55.2,77.2,35.5,"1962-11-01"
1962,12,"December",55.2,77.2,35.4,"1962-12-01"
1963,1,"January",55.2,77,35.6,"1963-01-01"
1963,2,"February",55.1,76.7,35.7,"1963-02-01"
1963,3,"March",55.3,77,35.8,"1963-03-01"
1963,4,"April",55.5,77.1,36,"1963-04-01"
1963,5,"May",55.3,77,35.9,"1963-05-01"
1963,6,"June",55.3,77.1,35.7,"1963-06-01"
1963,7,"July",55.4,77.3,35.8,"1963-07-01"
1963,8,"August",55.4,77.3,35.6,"1963-08-01"
1963,9,"September",55.5,77.4,35.8,"1963-09-01"
1963,10,"October",55.5,77.2,36,"1963-10-01"
1963,11,"November",55.4,77.1,36,"1963-11-01"
1963,12,"December",55.3,76.9,35.9,"1963-12-01"
1964,1,"January",55.3,76.9,35.9,"1964-01-01"
1964,2,"February",55.6,77.1,36.3,"1964-02-01"
1964,3,"March",55.5,77.1,36.2,"1964-03-01"
1964,4,"April",55.9,77.4,36.7,"1964-04-01"
1964,5,"May",56.1,77.7,36.6,"1964-05-01"
1964,6,"June",55.6,77.1,36.5,"1964-06-01"
1964,7,"July",55.7,77.5,36.2,"1964-07-01"
1964,8,"August",55.7,77.3,36.4,"1964-08-01"
1964,9,"September",55.7,77.4,36.2,"1964-09-01"
1964,10,"October",55.6,77.3,36.2,"1964-10-01"
1964,11,"November",55.7,77.3,36.3,"1964-11-01"
1964,12,"December",55.6,77.1,36.4,"1964-12-01"
1965,1,"January",55.7,77.2,36.4,"1965-01-01"
1965,2,"February",55.7,77.3,36.4,"1965-02-01"
1965,3,"March",55.9,77.4,36.6,"1965-03-01"
1965,4,"April",56,77.5,36.7,"1965-04-01"
1965,5,"May",56.2,77.8,36.9,"1965-05-01"
1965,6,"June",56.1,77.3,37.2,"1965-06-01"
1965,7,"July",56.5,77.7,37.4,"1965-07-01"
1965,8,"August",56.3,77.5,37.3,"1965-08-01"
1965,9,"September",56.2,77.3,37.2,"1965-09-01"
1965,10,"October",56.4,77.6,37.5,"1965-10-01"
1965,11,"November",56.4,77.6,37.5,"1965-11-01"
1965,12,"December",56.6,77.7,37.8,"1965-12-01"
1966,1,"January",56.7,77.8,37.8,"1966-01-01"
1966,2,"February",56.6,77.7,37.7,"1966-02-01"
1966,3,"March",56.6,77.7,37.7,"1966-03-01"
1966,4,"April",56.8,78,37.9,"1966-04-01"
1966,5,"May",56.7,77.8,37.9,"1966-05-01"
1966,6,"June",56.9,78,38.1,"1966-06-01"
1966,7,"July",56.9,77.9,38.2,"1966-07-01"
1966,8,"August",57,77.9,38.5,"1966-08-01"
1966,9,"September",57.1,77.7,38.7,"1966-09-01"
1966,10,"October",57.1,77.9,38.8,"1966-10-01"
1966,11,"November",57.4,78,39.2,"1966-11-01"
1966,12,"December",57.3,77.9,39,"1966-12-01"
1967,1,"January",57.1,78.1,38.6,"1967-01-01"
1967,2,"February",57,77.9,38.6,"1967-02-01"
1967,3,"March",56.8,77.7,38.4,"1967-03-01"
1967,4,"April",57.1,77.8,38.9,"1967-04-01"
1967,5,"May",57,77.8,38.7,"1967-05-01"
1967,6,"June",57.3,78.1,38.9,"1967-06-01"
1967,7,"July",57.4,78.2,39,"1967-07-01"
1967,8,"August",57.4,78.1,39.2,"1967-08-01"
1967,9,"September",57.4,78,39.2,"1967-09-01"
1967,10,"October",57.5,78,39.3,"1967-10-01"
1967,11,"November",57.5,77.9,39.4,"1967-11-01"
1967,12,"December",57.6,77.9,39.7,"1967-12-01"
1968,1,"January",57,77.4,38.9,"1968-01-01"
1968,2,"February",57.3,77.7,39.3,"1968-02-01"
1968,3,"March",57.4,77.6,39.5,"1968-03-01"
1968,4,"April",57.4,77.8,39.4,"1968-04-01"
1968,5,"May",57.8,77.9,40,"1968-05-01"
1968,6,"June",57.8,78,39.9,"1968-06-01"
1968,7,"July",57.6,78,39.7,"1968-07-01"
1968,8,"August",57.5,78,39.5,"1968-08-01"
1968,9,"September",57.5,77.7,39.8,"1968-09-01"
1968,10,"October",57.5,77.7,39.7,"1968-10-01"
1968,11,"November",57.6,77.6,39.9,"1968-11-01"
1968,12,"December",57.7,77.9,39.9,"1968-12-01"
1969,1,"January",57.6,77.7,39.9,"1969-01-01"
1969,2,"February",57.9,77.9,40.3,"1969-02-01"
1969,3,"March",57.9,77.8,40.4,"1969-03-01"
1969,4,"April",57.9,77.7,40.5,"1969-04-01"
1969,5,"May",57.8,77.5,40.4,"1969-05-01"
1969,6,"June",58,77.6,40.8,"1969-06-01"
1969,7,"July",58,77.4,40.9,"1969-07-01"
1969,8,"August",58.1,77.7,40.9,"1969-08-01"
1969,9,"September",58.1,77.6,40.8,"1969-09-01"
1969,10,"October",58.1,77.5,41.1,"1969-10-01"
1969,11,"November",58.1,77.5,41,"1969-11-01"
1969,12,"December",58.1,77.3,41.2,"1969-12-01"
1970,1,"January",58,77.3,41.1,"1970-01-01"
1970,2,"February",57.9,77.1,41,"1970-02-01"
1970,3,"March",57.9,77.1,41,"1970-03-01"
1970,4,"April",57.9,76.7,41.2,"1970-04-01"
1970,5,"May",57.5,76.6,40.6,"1970-05-01"
1970,6,"June",57.3,76,40.7,"1970-06-01"
1970,7,"July",57.4,76,40.9,"1970-07-01"
1970,8,"August",57.2,75.7,40.8,"1970-08-01"
1970,9,"September",57,75.7,40.5,"1970-09-01"
1970,10,"October",57,75.4,40.7,"1970-10-01"
1970,11,"November",56.9,75.4,40.5,"1970-11-01"
1970,12,"December",56.7,75.2,40.4,"1970-12-01"
1971,1,"January",56.8,75.1,40.6,"1971-01-01"
1971,2,"February",56.6,74.9,40.4,"1971-02-01"
1971,3,"March",56.4,74.7,40.2,"1971-03-01"
1971,4,"April",56.6,75.1,40.2,"1971-04-01"
1971,5,"May",56.6,75.1,40.2,"1971-05-01"
1971,6,"June",56.2,74.6,39.9,"1971-06-01"
1971,7,"July",56.5,75,40,"1971-07-01"
1971,8,"August",56.6,74.9,40.3,"1971-08-01"
1971,9,"September",56.6,74.8,40.4,"1971-09-01"
1971,10,"October",56.6,74.7,40.5,"1971-10-01"
1971,11,"November",56.8,74.9,40.7,"1971-11-01"
1971,12,"December",56.8,74.7,40.8,"1971-12-01"
1972,1,"January",56.7,74.6,40.8,"1972-01-01"
1972,2,"February",56.7,74.6,40.8,"1972-02-01"
1972,3,"March",56.9,74.9,41,"1972-03-01"
1972,4,"April",56.9,74.9,40.9,"1972-04-01"
1972,5,"May",57,74.9,41,"1972-05-01"
1972,6,"June",57,75.1,40.9,"1972-06-01"
1972,7,"July",57,75.1,40.9,"1972-07-01"
1972,8,"August",57.1,75.3,41,"1972-08-01"
1972,9,"September",57,75.1,40.9,"1972-09-01"
1972,10,"October",57,75,40.9,"1972-10-01"
1972,11,"November",57.2,75.1,41.1,"1972-11-01"
1972,12,"December",57.3,75.4,41.3,"1972-12-01"
1973,1,"January",57.1,75.1,41,"1973-01-01"
1973,2,"February",57.5,75.4,41.6,"1973-02-01"
1973,3,"March",57.8,75.7,41.7,"1973-03-01"
1973,4,"April",57.7,75.5,41.9,"1973-04-01"
1973,5,"May",57.7,75.3,42.1,"1973-05-01"
1973,6,"June",58,75.6,42.3,"1973-06-01"
1973,7,"July",57.9,75.7,42.1,"1973-07-01"
1973,8,"August",57.8,75.4,42.1,"1973-08-01"
1973,9,"September",57.9,75.4,42.2,"1973-09-01"
1973,10,"October",58.1,75.7,42.4,"1973-10-01"
1973,11,"November",58.2,75.8,42.6,"1973-11-01"
1973,12,"December",58.2,75.8,42.5,"1973-12-01"
1974,1,"January",58.2,76,42.3,"1974-01-01"
1974,2,"February",58.2,75.8,42.6,"1974-02-01"
1974,3,"March",58.2,75.5,42.7,"1974-03-01"
1974,4,"April",58,75.1,42.7,"1974-04-01"
1974,5,"May",58,75.3,42.6,"1974-05-01"
1974,6,"June",58,75,42.7,"1974-06-01"
1974,7,"July",58,74.8,43,"1974-07-01"
1974,8,"August",57.8,74.7,42.8,"1974-08-01"
1974,9,"September",57.7,74.6,42.7,"1974-09-01"
1974,10,"October",57.6,74.4,42.6,"1974-10-01"
1974,11,"November",57.3,74.1,42.3,"1974-11-01"
1974,12,"December",56.9,73.4,42.1,"1974-12-01"
1975,1,"January",56.4,72.6,42,"1975-01-01"
1975,2,"February",56.1,72.2,41.7,"1975-02-01"
1975,3,"March",56,71.9,41.7,"1975-03-01"
1975,4,"April",55.9,71.6,41.8,"1975-04-01"
1975,5,"May",56,71.7,41.9,"1975-05-01"
1975,6,"June",55.8,71.3,41.9,"1975-06-01"
1975,7,"July",56,71.7,42.1,"1975-07-01"
1975,8,"August",56.1,71.8,42.2,"1975-08-01"
1975,9,"September",56.1,71.6,42.2,"1975-09-01"
1975,10,"October",56.1,71.5,42.3,"1975-10-01"
1975,11,"November",56,71.4,42.2,"1975-11-01"
1975,12,"December",56.1,71.4,42.4,"1975-12-01"
1976,1,"January",56.4,71.8,42.7,"1976-01-01"
1976,2,"February",56.5,71.9,42.8,"1976-02-01"
1976,3,"March",56.7,71.9,43,"1976-03-01"
1976,4,"April",56.8,72.2,43.1,"1976-04-01"
1976,5,"May",57,72.2,43.4,"1976-05-01"
1976,6,"June",56.8,71.8,43.3,"1976-06-01"
1976,7,"July",57,72.1,43.5,"1976-07-01"
1976,8,"August",57,72.3,43.3,"1976-08-01"
1976,9,"September",56.9,72.1,43.2,"1976-09-01"
1976,10,"October",56.9,72.1,43.2,"1976-10-01"
1976,11,"November",57,72,43.6,"1976-11-01"
1976,12,"December",57,72,43.6,"1976-12-01"
1977,1,"January",57,72.1,43.6,"1977-01-01"
1977,2,"February",57.2,72.2,43.8,"1977-02-01"
1977,3,"March",57.4,72.3,44,"1977-03-01"
1977,4,"April",57.6,72.6,44.2,"1977-04-01"
1977,5,"May",57.8,72.6,44.6,"1977-05-01"
1977,6,"June",57.9,72.8,44.4,"1977-06-01"
1977,7,"July",57.8,72.8,44.4,"1977-07-01"
1977,8,"August",58,72.9,44.6,"1977-08-01"
1977,9,"September",58.1,72.8,44.8,"1977-09-01"
1977,10,"October",58.2,73.2,44.8,"1977-10-01"
1977,11,"November",58.6,73.5,45.1,"1977-11-01"
1977,12,"December",58.7,73.6,45.3,"1977-12-01"
1978,1,"January",58.8,73.5,45.5,"1978-01-01"
1978,2,"February",58.8,73.4,45.7,"1978-02-01"
1978,3,"March",58.8,73.3,45.8,"1978-03-01"
1978,4,"April",59.2,73.6,46.2,"1978-04-01"
1978,5,"May",59.3,73.8,46.3,"1978-05-01"
1978,6,"June",59.5,74.1,46.5,"1978-06-01"
1978,7,"July",59.3,73.8,46.3,"1978-07-01"
1978,8,"August",59.4,73.9,46.4,"1978-08-01"
1978,9,"September",59.5,73.7,46.7,"1978-09-01"
1978,10,"October",59.7,73.8,47,"1978-10-01"
1978,11,"November",59.8,74.1,47,"1978-11-01"
1978,12,"December",59.8,73.9,47.1,"1978-12-01"
1979,1,"January",59.9,74.2,47.1,"1979-01-01"
1979,2,"February",60.1,74.3,47.3,"1979-02-01"
1979,3,"March",60,74,47.5,"1979-03-01"
1979,4,"April",59.8,73.9,47.1,"1979-04-01"
1979,5,"May",59.8,73.8,47.2,"1979-05-01"
1979,6,"June",59.9,74,47.2,"1979-06-01"
1979,7,"July",60,73.9,47.5,"1979-07-01"
1979,8,"August",59.8,73.7,47.3,"1979-08-01"
1979,9,"September",60,73.9,47.6,"1979-09-01"
1979,10,"October",59.9,73.5,47.7,"1979-10-01"
1979,11,"November",60,73.4,47.9,"1979-11-01"
1979,12,"December",60.1,73.5,48,"1979-12-01"
1980,1,"January",60,73.3,48,"1980-01-01"
1980,2,"February",60,73.4,47.9,"1980-02-01"
1980,3,"March",59.7,73,47.8,"1980-03-01"
1980,4,"April",59.4,72.3,47.7,"1980-04-01"
1980,5,"May",59.1,71.9,47.6,"1980-05-01"
1980,6,"June",58.9,71.5,47.5,"1980-06-01"
1980,7,"July",58.8,71.4,47.5,"1980-07-01"
1980,8,"August",58.8,71.4,47.5,"1980-08-01"
1980,9,"September",58.9,71.4,47.6,"1980-09-01"
1980,10,"October",58.9,71.6,47.6,"1980-10-01"
1980,11,"November",59,71.6,47.7,"1980-11-01"
1980,12,"December",59,71.7,47.6,"1980-12-01"
1981,1,"January",59.1,71.7,47.8,"1981-01-01"
1981,2,"February",59.2,71.6,48,"1981-02-01"
1981,3,"March",59.4,71.8,48.1,"1981-03-01"
1981,4,"April",59.6,72.1,48.3,"1981-04-01"
1981,5,"May",59.5,71.9,48.4,"1981-05-01"
1981,6,"June",59,71.1,48.1,"1981-06-01"
1981,7,"July",59.1,71.5,48.1,"1981-07-01"
1981,8,"August",59.1,71.4,48.1,"1981-08-01"
1981,9,"September",58.7,71.1,47.5,"1981-09-01"
1981,10,"October",58.8,70.8,47.9,"1981-10-01"
1981,11,"November",58.6,70.5,47.9,"1981-11-01"
1981,12,"December",58.2,70,47.6,"1981-12-01"
1982,1,"January",58.2,69.9,47.7,"1982-01-01"
1982,2,"February",58.2,69.9,47.7,"1982-02-01"
1982,3,"March",58.1,69.6,47.7,"1982-03-01"
1982,4,"April",57.9,69.5,47.6,"1982-04-01"
1982,5,"May",58.2,69.7,47.8,"1982-05-01"
1982,6,"June",57.8,68.9,47.8,"1982-06-01"
1982,7,"July",57.7,68.8,47.8,"1982-07-01"
1982,8,"August",57.8,68.8,47.8,"1982-08-01"
1982,9,"September",57.6,68.6,47.8,"1982-09-01"
1982,10,"October",57.4,68.4,47.5,"1982-10-01"
1982,11,"November",57.3,68.2,47.5,"1982-11-01"
1982,12,"December",57.2,68,47.5,"1982-12-01"
1983,1,"January",57.2,67.9,47.5,"1983-01-01"
1983,2,"February",57.1,67.8,47.5,"1983-02-01"
1983,3,"March",57.1,67.8,47.5,"1983-03-01"
1983,4,"April",57.3,68,47.6,"1983-04-01"
1983,5,"May",57.3,68.1,47.5,"1983-05-01"
1983,6,"June",57.8,69,47.7,"1983-06-01"
1983,7,"July",58.1,69.2,48,"1983-07-01"
1983,8,"August",58.2,69.2,48.4,"1983-08-01"
1983,9,"September",58.4,69.3,48.7,"1983-09-01"
1983,10,"October",58.4,69.4,48.5,"1983-10-01"
1983,11,"November",58.7,69.9,48.7,"1983-11-01"
1983,12,"December",58.8,69.9,48.8,"1983-12-01"
1984,1,"January",58.8,70,48.7,"1984-01-01"
1984,2,"February",59.1,70.3,49,"1984-02-01"
1984,3,"March",59.1,70.3,49,"1984-03-01"
1984,4,"April",59.3,70.4,49.3,"1984-04-01"
1984,5,"May",59.7,70.7,49.9,"1984-05-01"
1984,6,"June",59.9,71.2,49.7,"1984-06-01"
1984,7,"July",59.8,70.8,49.8,"1984-07-01"
1984,8,"August",59.6,70.7,49.5,"1984-08-01"
1984,9,"September",59.7,70.9,49.6,"1984-09-01"
1984,10,"October",59.7,70.9,49.6,"1984-10-01"
1984,11,"November",59.8,71,49.7,"1984-11-01"
1984,12,"December",59.9,71,49.9,"1984-12-01"
1985,1,"January",59.9,70.9,50.1,"1985-01-01"
1985,2,"February",60,70.8,50.3,"1985-02-01"
1985,3,"March",60.2,71,50.5,"1985-03-01"
1985,4,"April",60.1,71,50.4,"1985-04-01"
1985,5,"May",60.1,71.1,50.2,"1985-05-01"
1985,6,"June",59.8,70.6,50.1,"1985-06-01"
1985,7,"July",59.9,70.7,50.2,"1985-07-01"
1985,8,"August",60,70.9,50.2,"1985-08-01"
1985,9,"September",60.3,71,50.6,"1985-09-01"
1985,10,"October",60.3,71,50.7,"1985-10-01"
1985,11,"November",60.4,71,50.8,"1985-11-01"
1985,12,"December",60.4,71,50.9,"1985-12-01"
1986,1,"January",60.6,71.3,50.9,"1986-01-01"
1986,2,"February",60.3,70.9,50.8,"1986-02-01"
1986,3,"March",60.5,70.9,51,"1986-03-01"
1986,4,"April",60.5,70.9,51,"1986-04-01"
1986,5,"May",60.5,70.8,51.2,"1986-05-01"
1986,6,"June",60.7,70.9,51.5,"1986-06-01"
1986,7,"July",60.8,70.9,51.6,"1986-07-01"
1986,8,"August",60.8,70.9,51.7,"1986-08-01"
1986,9,"September",60.8,70.9,51.7,"1986-09-01"
1986,10,"October",60.9,70.9,51.8,"1986-10-01"
1986,11,"November",60.9,71.1,51.7,"1986-11-01"
1986,12,"December",61,71.2,51.7,"1986-12-01"
1987,1,"January",61,71.3,51.7,"1987-01-01"
1987,2,"February",61.1,71.3,51.9,"1987-02-01"
1987,3,"March",61.2,71.2,52.1,"1987-03-01"
1987,4,"April",61.3,71.3,52.3,"1987-04-01"
1987,5,"May",61.6,71.5,52.6,"1987-05-01"
1987,6,"June",61.4,71.3,52.5,"1987-06-01"
1987,7,"July",61.6,71.4,52.7,"1987-07-01"
1987,8,"August",61.8,71.6,52.9,"1987-08-01"
1987,9,"September",61.6,71.6,52.6,"1987-09-01"
1987,10,"October",61.8,71.7,52.8,"1987-10-01"
1987,11,"November",61.9,71.7,52.9,"1987-11-01"
1987,12,"December",62,71.8,53.1,"1987-12-01"
1988,1,"January",62,71.9,53.1,"1988-01-01"
1988,2,"February",62.1,72,53.1,"1988-02-01"
1988,3,"March",61.9,71.6,53.2,"1988-03-01"
1988,4,"April",62.2,72.2,53.2,"1988-04-01"
1988,5,"May",62,72,52.9,"1988-05-01"
1988,6,"June",62.3,72.1,53.3,"1988-06-01"
1988,7,"July",62.3,72.2,53.3,"1988-07-01"
1988,8,"August",62.4,72.2,53.5,"1988-08-01"
1988,9,"September",62.4,72.1,53.5,"1988-09-01"
1988,10,"October",62.5,72,53.8,"1988-10-01"
1988,11,"November",62.7,72.1,54.1,"1988-11-01"
1988,12,"December",62.6,72,54.1,"1988-12-01"
1989,1,"January",62.9,72.2,54.4,"1989-01-01"
1989,2,"February",62.9,72.4,54.2,"1989-02-01"
1989,3,"March",62.9,72.6,54.2,"1989-03-01"
1989,4,"April",62.9,72.5,54.2,"1989-04-01"
1989,5,"May",62.9,72.4,54.2,"1989-05-01"
1989,6,"June",63,72.8,54.1,"1989-06-01"
1989,7,"July",63,72.7,54.2,"1989-07-01"
1989,8,"August",63.1,72.6,54.4,"1989-08-01"
1989,9,"September",62.8,72,54.5,"1989-09-01"
1989,10,"October",62.9,72.4,54.3,"1989-10-01"
1989,11,"November",63,72.3,54.7,"1989-11-01"
1989,12,"December",63,72.3,54.4,"1989-12-01"
1990,1,"January",63.2,72.6,54.6,"1990-01-01"
1990,2,"February",63.2,72.6,54.5,"1990-02-01"
1990,3,"March",63.2,72.6,54.6,"1990-03-01"
1990,4,"April",63,72.3,54.5,"1990-04-01"
1990,5,"May",63.1,72.4,54.6,"1990-05-01"
1990,6,"June",62.9,72.2,54.4,"1990-06-01"
1990,7,"July",62.8,72.1,54.3,"1990-07-01"
1990,8,"August",62.7,71.9,54.4,"1990-08-01"
1990,9,"September",62.5,71.6,54.2,"1990-09-01"
1990,10,"October",62.5,71.6,54.2,"1990-10-01"
1990,11,"November",62.3,71.4,54,"1990-11-01"
1990,12,"December",62.2,71.3,53.9,"1990-12-01"
1991,1,"January",62,71,53.8,"1991-01-01"
1991,2,"February",61.9,70.7,53.8,"1991-02-01"
1991,3,"March",61.8,70.6,53.7,"1991-03-01"
1991,4,"April",62,70.7,54.1,"1991-04-01"
1991,5,"May",61.6,70.4,53.6,"1991-05-01"
1991,6,"June",61.7,70.4,53.7,"1991-06-01"
1991,7,"July",61.6,70.3,53.6,"1991-07-01"
1991,8,"August",61.5,70.2,53.5,"1991-08-01"
1991,9,"September",61.6,70.3,53.7,"1991-09-01"
1991,10,"October",61.5,70.1,53.7,"1991-10-01"
1991,11,"November",61.4,70,53.6,"1991-11-01"
1991,12,"December",61.2,69.7,53.5,"1991-12-01"
1992,1,"January",61.5,69.8,53.8,"1992-01-01"
1992,2,"February",61.3,69.6,53.7,"1992-02-01"
1992,3,"March",61.5,69.8,53.8,"1992-03-01"
1992,4,"April",61.6,70,53.9,"1992-04-01"
1992,5,"May",61.5,69.9,53.8,"1992-05-01"
1992,6,"June",61.5,69.9,53.7,"1992-06-01"
1992,7,"July",61.6,70,53.8,"1992-07-01"
1992,8,"August",61.6,70,53.8,"1992-08-01"
1992,9,"September",61.4,69.9,53.7,"1992-09-01"
1992,10,"October",61.3,69.7,53.6,"1992-10-01"
1992,11,"November",61.4,69.7,53.7,"1992-11-01"
1992,12,"December",61.4,69.8,53.7,"1992-12-01"
1993,1,"January",61.4,69.8,53.7,"1993-01-01"
1993,2,"February",61.4,69.9,53.7,"1993-02-01"
1993,3,"March",61.5,69.9,53.9,"1993-03-01"
1993,4,"April",61.5,69.8,53.8,"1993-04-01"
1993,5,"May",61.7,70.1,54.1,"1993-05-01"
1993,6,"June",61.8,70.1,54.1,"1993-06-01"
1993,7,"July",61.8,70.2,54.1,"1993-07-01"
1993,8,"August",62,70.3,54.3,"1993-08-01"
1993,9,"September",61.7,70,54.2,"1993-09-01"
1993,10,"October",61.8,70,54.3,"1993-10-01"
1993,11,"November",61.9,70.1,54.4,"1993-11-01"
1993,12,"December",62,70.1,54.6,"1993-12-01"
1994,1,"January",62.2,70.2,54.9,"1994-01-01"
1994,2,"February",62.3,70.1,55.1,"1994-02-01"
1994,3,"March",62.1,70,54.9,"1994-03-01"
1994,4,"April",62.3,70.1,55.1,"1994-04-01"
1994,5,"May",62.5,70.3,55.4,"1994-05-01"
1994,6,"June",62.3,70.2,55.1,"1994-06-01"
1994,7,"July",62.3,70.1,55.2,"1994-07-01"
1994,8,"August",62.6,70.5,55.3,"1994-08-01"
1994,9,"September",62.7,70.6,55.4,"1994-09-01"
1994,10,"October",62.9,70.8,55.5,"1994-10-01"
1994,11,"November",63,71,55.6,"1994-11-01"
1994,12,"December",63.1,71.3,55.5,"1994-12-01"
1995,1,"January",63,71.2,55.5,"1995-01-01"
1995,2,"February",63.1,71.3,55.6,"1995-02-01"
1995,3,"March",63.1,71.3,55.6,"1995-03-01"
1995,4,"April",63.1,71.1,55.7,"1995-04-01"
1995,5,"May",62.7,70.5,55.6,"1995-05-01"
1995,6,"June",62.7,70.8,55.3,"1995-06-01"
1995,7,"July",62.8,70.7,55.6,"1995-07-01"
1995,8,"August",62.8,70.6,55.7,"1995-08-01"
1995,9,"September",62.9,70.8,55.6,"1995-09-01"
1995,10,"October",62.9,70.7,55.8,"1995-10-01"
1995,11,"November",62.8,70.3,55.9,"1995-11-01"
1995,12,"December",62.7,70.4,55.6,"1995-12-01"
1996,1,"January",62.7,70.5,55.5,"1996-01-01"
1996,2,"February",62.9,70.7,55.7,"1996-02-01"
1996,3,"March",63,70.7,55.8,"1996-03-01"
1996,4,"April",63,70.7,55.9,"1996-04-01"
1996,5,"May",63,70.8,55.8,"1996-05-01"
1996,6,"June",63.2,71,55.9,"1996-06-01"
1996,7,"July",63.3,71.1,56.1,"1996-07-01"
1996,8,"August",63.3,71.1,56.2,"1996-08-01"
1996,9,"September",63.4,71.1,56.4,"1996-09-01"
1996,10,"October",63.5,71.3,56.4,"1996-10-01"
1996,11,"November",63.4,70.9,56.5,"1996-11-01"
1996,12,"December",63.4,71.1,56.4,"1996-12-01"
1997,1,"January",63.4,71,56.4,"1997-01-01"
1997,2,"February",63.4,71,56.3,"1997-02-01"
1997,3,"March",63.6,71.2,56.6,"1997-03-01"
1997,4,"April",63.7,71.3,56.7,"1997-04-01"
1997,5,"May",63.8,71.5,56.7,"1997-05-01"
1997,6,"June",63.7,71.3,56.8,"1997-06-01"
1997,7,"July",63.9,71.4,57,"1997-07-01"
1997,8,"August",63.9,71.4,57,"1997-08-01"
1997,9,"September",63.9,71.3,57,"1997-09-01"
1997,10,"October",63.9,71.4,57,"1997-10-01"
1997,11,"November",64.1,71.7,57,"1997-11-01"
1997,12,"December",64,71.4,57.2,"1997-12-01"
1998,1,"January",64,71.5,57,"1998-01-01"
1998,2,"February",64,71.5,57,"1998-02-01"
1998,3,"March",64,71.4,57.1,"1998-03-01"
1998,4,"April",64.1,71.8,57,"1998-04-01"
1998,5,"May",64.1,71.7,57.1,"1998-05-01"
1998,6,"June",64,71.6,57,"1998-06-01"
1998,7,"July",64,71.5,57,"1998-07-01"
1998,8,"August",63.9,71.4,57.1,"1998-08-01"
1998,9,"September",64.2,71.6,57.3,"1998-09-01"
1998,10,"October",64.1,71.6,57.1,"1998-10-01"
1998,11,"November",64.2,71.8,57.1,"1998-11-01"
1998,12,"December",64.3,71.7,57.4,"1998-12-01"
1999,1,"January",64.4,71.9,57.4,"1999-01-01"
1999,2,"February",64.2,71.7,57.3,"1999-02-01"
1999,3,"March",64.2,71.7,57.3,"1999-03-01"
1999,4,"April",64.2,71.6,57.3,"1999-04-01"
1999,5,"May",64.3,71.7,57.5,"1999-05-01"
1999,6,"June",64.2,71.6,57.4,"1999-06-01"
1999,7,"July",64.2,71.6,57.4,"1999-07-01"
1999,8,"August",64.2,71.5,57.5,"1999-08-01"
1999,9,"September",64.2,71.6,57.4,"1999-09-01"
1999,10,"October",64.3,71.5,57.6,"1999-10-01"
1999,11,"November",64.4,71.7,57.6,"1999-11-01"
1999,12,"December",64.4,71.8,57.6,"1999-12-01"
2000,1,"January",64.6,72.2,57.6,"2000-01-01"
2000,2,"February",64.6,72.2,57.5,"2000-02-01"
2000,3,"March",64.6,72.2,57.5,"2000-03-01"
2000,4,"April",64.7,72.1,58,"2000-04-01"
2000,5,"May",64.4,71.9,57.5,"2000-05-01"
2000,6,"June",64.5,72,57.5,"2000-06-01"
2000,7,"July",64.2,71.6,57.3,"2000-07-01"
2000,8,"August",64.2,71.9,57.1,"2000-08-01"
2000,9,"September",64.2,71.7,57.4,"2000-09-01"
2000,10,"October",64.2,71.6,57.4,"2000-10-01"
2000,11,"November",64.3,71.7,57.5,"2000-11-01"
2000,12,"December",64.4,71.7,57.6,"2000-12-01"
2001,1,"January",64.4,71.8,57.6,"2001-01-01"
2001,2,"February",64.3,71.6,57.5,"2001-02-01"
2001,3,"March",64.3,71.4,57.7,"2001-03-01"
2001,4,"April",64,71.3,57.2,"2001-04-01"
2001,5,"May",63.8,71.1,57.2,"2001-05-01"
2001,6,"June",63.7,70.9,57,"2001-06-01"
2001,7,"July",63.7,70.9,57,"2001-07-01"
2001,8,"August",63.2,70.4,56.6,"2001-08-01"
2001,9,"September",63.5,70.8,56.7,"2001-09-01"
2001,10,"October",63.2,70.3,56.6,"2001-10-01"
2001,11,"November",63,70,56.6,"2001-11-01"
2001,12,"December",62.9,70,56.3,"2001-12-01"
2002,1,"January",62.7,69.7,56.2,"2002-01-01"
2002,2,"February",63,69.9,56.6,"2002-02-01"
2002,3,"March",62.8,69.8,56.4,"2002-03-01"
2002,4,"April",62.7,69.8,56.2,"2002-04-01"
2002,5,"May",62.9,70.1,56.1,"2002-05-01"
2002,6,"June",62.7,69.8,56.2,"2002-06-01"
2002,7,"July",62.7,69.7,56.1,"2002-07-01"
2002,8,"August",62.7,69.7,56.3,"2002-08-01"
2002,9,"September",63,70,56.4,"2002-09-01"
2002,10,"October",62.7,69.7,56.3,"2002-10-01"
2002,11,"November",62.5,69.2,56.2,"2002-11-01"
2002,12,"December",62.4,69.1,56.2,"2002-12-01"
2003,1,"January",62.5,68.9,56.5,"2003-01-01"
2003,2,"February",62.5,69.2,56.2,"2003-02-01"
2003,3,"March",62.4,68.9,56.3,"2003-03-01"
2003,4,"April",62.4,69,56.3,"2003-04-01"
2003,5,"May",62.3,68.8,56.3,"2003-05-01"
2003,6,"June",62.3,68.7,56.4,"2003-06-01"
2003,7,"July",62.1,68.6,56.1,"2003-07-01"
2003,8,"August",62.1,68.6,56,"2003-08-01"
2003,9,"September",62,68.9,55.7,"2003-09-01"
2003,10,"October",62.1,68.9,55.9,"2003-10-01"
2003,11,"November",62.3,69,56,"2003-11-01"
2003,12,"December",62.2,69.2,55.7,"2003-12-01"
2004,1,"January",62.3,69.4,55.7,"2004-01-01"
2004,2,"February",62.3,69.1,56,"2004-02-01"
2004,3,"March",62.2,69,55.9,"2004-03-01"
2004,4,"April",62.3,69,56,"2004-04-01"
2004,5,"May",62.3,68.9,56.1,"2004-05-01"
2004,6,"June",62.4,69.2,56,"2004-06-01"
2004,7,"July",62.5,69.4,56,"2004-07-01"
2004,8,"August",62.4,69.3,56,"2004-08-01"
2004,9,"September",62.3,69.1,55.9,"2004-09-01"
2004,10,"October",62.3,69.2,55.9,"2004-10-01"
2004,11,"November",62.5,69.4,56,"2004-11-01"
2004,12,"December",62.4,69.2,56.1,"2004-12-01"
2005,1,"January",62.4,69.1,56.1,"2005-01-01"
2005,2,"February",62.4,69.2,56,"2005-02-01"
2005,3,"March",62.4,69.4,56,"2005-03-01"
2005,4,"April",62.7,69.6,56.2,"2005-04-01"
2005,5,"May",62.8,69.8,56.2,"2005-05-01"
2005,6,"June",62.7,69.8,56.1,"2005-06-01"
2005,7,"July",62.8,69.8,56.2,"2005-07-01"
2005,8,"August",62.9,69.9,56.4,"2005-08-01"
2005,9,"September",62.8,69.7,56.4,"2005-09-01"
2005,10,"October",62.8,69.7,56.4,"2005-10-01"
2005,11,"November",62.7,69.6,56.3,"2005-11-01"
2005,12,"December",62.8,69.7,56.3,"2005-12-01"
2006,1,"January",62.9,70,56.3,"2006-01-01"
2006,2,"February",63,70,56.4,"2006-02-01"
2006,3,"March",63.1,70.2,56.4,"2006-03-01"
2006,4,"April",63,70,56.4,"2006-04-01"
2006,5,"May",63.1,70,56.6,"2006-05-01"
2006,6,"June",63.1,70,56.7,"2006-06-01"
2006,7,"July",63,69.6,56.8,"2006-07-01"
2006,8,"August",63.1,69.9,56.8,"2006-08-01"
2006,9,"September",63.1,70.2,56.5,"2006-09-01"
2006,10,"October",63.3,70.2,56.8,"2006-10-01"
2006,11,"November",63.3,70.2,56.8,"2006-11-01"
2006,12,"December",63.4,70.4,56.9,"2006-12-01"
2007,1,"January",63.3,70.3,56.8,"2007-01-01"
2007,2,"February",63.3,70.1,56.8,"2007-02-01"
2007,3,"March",63.3,70.2,56.9,"2007-03-01"
2007,4,"April",63,70,56.3,"2007-04-01"
2007,5,"May",63,69.9,56.6,"2007-05-01"
2007,6,"June",63,69.8,56.7,"2007-06-01"
2007,7,"July",62.9,69.6,56.6,"2007-07-01"
2007,8,"August",62.7,69.4,56.5,"2007-08-01"
2007,9,"September",62.9,69.5,56.8,"2007-09-01"
2007,10,"October",62.7,69.3,56.5,"2007-10-01"
2007,11,"November",62.9,69.6,56.6,"2007-11-01"
2007,12,"December",62.7,69.4,56.5,"2007-12-01"
2008,1,"January",62.9,69.6,56.6,"2008-01-01"
2008,2,"February",62.8,69.5,56.5,"2008-02-01"
2008,3,"March",62.7,69.3,56.5,"2008-03-01"
2008,4,"April",62.7,69.2,56.6,"2008-04-01"
2008,5,"May",62.5,69,56.5,"2008-05-01"
2008,6,"June",62.4,68.8,56.4,"2008-06-01"
2008,7,"July",62.2,68.6,56.3,"2008-07-01"
2008,8,"August",62,68.3,56.1,"2008-08-01"
2008,9,"September",61.9,68.1,56.1,"2008-09-01"
2008,10,"October",61.7,67.8,56.1,"2008-10-01"
2008,11,"November",61.4,67.3,55.8,"2008-11-01"
2008,12,"December",61,66.7,55.6,"2008-12-01"
2009,1,"January",60.6,66.2,55.2,"2009-01-01"
2009,2,"February",60.3,65.7,55.2,"2009-02-01"
2009,3,"March",59.9,65.1,55,"2009-03-01"
2009,4,"April",59.8,65,54.9,"2009-04-01"
2009,5,"May",59.6,64.8,54.7,"2009-05-01"
2009,6,"June",59.4,64.6,54.5,"2009-06-01"
2009,7,"July",59.3,64.5,54.5,"2009-07-01"
2009,8,"August",59.1,64.2,54.3,"2009-08-01"
2009,9,"September",58.7,63.9,53.9,"2009-09-01"
2009,10,"October",58.5,63.7,53.7,"2009-10-01"
2009,11,"November",58.6,63.6,53.8,"2009-11-01"
2009,12,"December",58.3,63.3,53.5,"2009-12-01"
2010,1,"January",58.5,63.3,53.9,"2010-01-01"
2010,2,"February",58.5,63.4,53.8,"2010-02-01"
2010,3,"March",58.5,63.6,53.7,"2010-03-01"
2010,4,"April",58.7,64,53.7,"2010-04-01"
2010,5,"May",58.6,63.9,53.6,"2010-05-01"
2010,6,"June",58.5,63.8,53.6,"2010-06-01"
2010,7,"July",58.5,63.9,53.5,"2010-07-01"
2010,8,"August",58.6,63.9,53.5,"2010-08-01"
2010,9,"September",58.5,63.8,53.5,"2010-09-01"
2010,10,"October",58.3,63.6,53.3,"2010-10-01"
2010,11,"November",58.2,63.4,53.4,"2010-11-01"
2010,12,"December",58.3,63.6,53.3,"2010-12-01"
2011,1,"January",58.3,63.7,53.3,"2011-01-01"
2011,2,"February",58.4,63.8,53.2,"2011-02-01"
2011,3,"March",58.4,63.8,53.4,"2011-03-01"
2011,4,"April",58.4,63.7,53.3,"2011-04-01"
2011,5,"May",58.3,63.8,53.2,"2011-05-01"
2011,6,"June",58.2,63.7,53,"2011-06-01"
2011,7,"July",58.2,63.6,53.1,"2011-07-01"
2011,8,"August",58.3,63.9,53.1,"2011-08-01"
2011,9,"September",58.4,63.9,53.2,"2011-09-01"
2011,10,"October",58.4,63.9,53.3,"2011-10-01"
2011,11,"November",58.6,64.3,53.2,"2011-11-01"
2011,12,"December",58.6,64.4,53.1,"2011-12-01"
2012,1,"January",58.4,64.3,52.9,"2012-01-01"
2012,2,"February",58.5,64.3,53.1,"2012-02-01"
2012,3,"March",58.5,64.3,53.2,"2012-03-01"
2012,4,"April",58.4,64.3,53,"2012-04-01"
2012,5,"May",58.5,64.3,53.1,"2012-05-01"
2012,6,"June",58.6,64.4,53.2,"2012-06-01"
2012,7,"July",58.5,64.3,53,"2012-07-01"
2012,8,"August",58.4,64.1,53.1,"2012-08-01"
2012,9,"September",58.7,64.5,53.3,"2012-09-01"
2012,10,"October",58.8,64.7,53.3,"2012-10-01"
2012,11,"November",58.7,64.6,53.2,"2012-11-01"
2012,12,"December",58.7,64.6,53.2,"2012-12-01"
2013,1,"January",58.6,64.5,53,"2013-01-01"
2013,2,"February",58.6,64.5,53,"2013-02-01"
2013,3,"March",58.5,64.5,52.9,"2013-03-01"
2013,4,"April",58.6,64.4,53.2,"2013-04-01"
2013,5,"May",58.6,64.4,53.2,"2013-05-01"
2013,6,"June",58.6,64.5,53.2,"2013-06-01"
2013,7,"July",58.7,64.4,53.4,"2013-07-01"
2013,8,"August",58.7,64.3,53.5,"2013-08-01"
2013,9,"September",58.7,64.4,53.3,"2013-09-01"
2013,10,"October",58.3,64,52.9,"2013-10-01"
2013,11,"November",58.6,64.5,53.1,"2013-11-01"
2013,12,"December",58.7,64.5,53.2,"2013-12-01"
2014,1,"January",58.8,64.5,53.4,"2014-01-01"
2014,2,"February",58.7,64.3,53.6,"2014-02-01"
2014,3,"March",58.9,64.8,53.4,"2014-03-01"
2014,4,"April",58.9,64.6,53.5,"2014-04-01"
2014,5,"May",58.9,64.6,53.5,"2014-05-01"
2014,6,"June",59,64.9,53.5,"2014-06-01"
2014,7,"July",59,65,53.4,"2014-07-01"
2014,8,"August",59,65,53.4,"2014-08-01"
2014,9,"September",59.1,65.2,53.4,"2014-09-01"
2014,10,"October",59.3,65.3,53.7,"2014-10-01"
2014,11,"November",59.2,65.1,53.7,"2014-11-01"
2014,12,"December",59.3,65.3,53.6,"2014-12-01"
2015,1,"January",59.3,65.3,53.7,"2015-01-01"
2015,2,"February",59.2,65.3,53.6,"2015-02-01"
2015,3,"March",59.2,65.3,53.6,"2015-03-01"
2015,4,"April",59.3,65.5,53.6,"2015-04-01"
2015,5,"May",59.4,65.5,53.8,"2015-05-01"
2015,6,"June",59.4,65.3,53.8,"2015-06-01"
2015,7,"July",59.3,65.4,53.6,"2015-07-01"
2015,8,"August",59.4,65.4,53.8,"2015-08-01"
2015,9,"September",59.2,65.3,53.5,"2015-09-01"
2015,10,"October",59.3,65.3,53.7,"2015-10-01"
2015,11,"November",59.4,65.2,54,"2015-11-01"
2015,12,"December",59.6,65.5,54.1,"2015-12-01"
2016,1,"January",59.7,65.7,54.1,"2016-01-01"
2016,2,"February",59.8,65.9,54.1,"2016-02-01"
2016,3,"March",59.8,65.9,54.2,"2016-03-01"
2016,4,"April",59.7,65.8,54,"2016-04-01"
2016,5,"May",59.7,65.7,54.1,"2016-05-01"
2016,6,"June",59.7,65.9,53.9,"2016-06-01"
2016,7,"July",59.8,65.8,54.1,"2016-07-01"
2016,8,"August",59.8,65.9,54.1,"2016-08-01"
2016,9,"September",59.7,65.8,54.1,"2016-09-01"
2016,10,"October",59.7,65.7,54.1,"2016-10-01"
2016,11,"November",59.7,65.7,54.1,"2016-11-01"
2016,12,"December",59.7,65.7,54.1,"2016-12-01"
2017,1,"January",59.9,65.9,54.2,"2017-01-01"
2017,2,"February",60,65.9,54.4,"2017-02-01"
2017,3,"March",60.2,66,54.7,"2017-03-01"
2017,4,"April",60.2,66.2,54.6,"2017-04-01"
2017,5,"May",60.1,66,54.5,"2017-05-01"
2017,6,"June",60.1,66.1,54.6,"2017-06-01"
2017,7,"July",60.2,66,54.8,"2017-07-01"
2017,8,"August",60.1,66,54.6,"2017-08-01"
2017,9,"September",60.4,66.3,54.8,"2017-09-01"
2017,10,"October",60.1,66,54.5,"2017-10-01"
2017,11,"November",60.1,65.9,54.6,"2017-11-01"
2017,12,"December",60.1,66.1,54.5,"2017-12-01"
2018,1,"January",60.2,66.3,54.5,"2018-01-01"
2018,2,"February",60.4,66.6,54.7,"2018-02-01"
2018,3,"March",60.4,66.5,54.7,"2018-03-01"
2018,4,"April",60.4,66.5,54.7,"2018-04-01"
2018,5,"May",60.5,66.5,54.8,"2018-05-01"
2018,6,"June",60.4,66.3,54.9,"2018-06-01"
2018,7,"July",60.5,66.3,55.2,"2018-07-01"
2018,8,"August",60.3,66.1,54.8,"2018-08-01"
2018,9,"September",60.4,66.1,55,"2018-09-01"
2018,10,"October",60.5,66.2,55.1,"2018-10-01"
2018,11,"November",60.5,66.4,55.1,"2018-11-01"
2018,12,"December",60.6,66.2,55.2,"2018-12-01"
2019,1,"January",60.6,66.5,55.2,"2019-01-01"
2019,2,"February",60.8,66.5,55.3,"2019-02-01"
2019,3,"March",60.7,66.5,55.2,"2019-03-01"
2019,4,"April",60.6,66.4,55.2,"2019-04-01"
2019,5,"May",60.6,66.5,55,"2019-05-01"
2019,6,"June",60.7,66.6,55.1,"2019-06-01"
2019,7,"July",60.8,66.7,55.2,"2019-07-01"
2019,8,"August",60.8,66.6,55.4,"2019-08-01"
2019,9,"September",60.9,66.6,55.6,"2019-09-01"
2019,10,"October",60.9,66.5,55.7,"2019-10-01"
2019,11,"November",61,66.8,55.5,"2019-11-01"
2019,12,"December",61,66.7,55.7,"2019-12-01"
2020,1,"January",61.1,66.8,55.8,"2020-01-01"
2020,2,"February",61.2,66.8,55.9,"2020-02-01"
2020,3,"March",59.9,65.6,54.6,"2020-03-01"
2020,4,"April",51.3,57.2,45.8,"2020-04-01"
2020,5,"May",52.8,58.6,47.3,"2020-05-01"
2020,6,"June",54.7,60.2,49.5,"2020-06-01"
2020,7,"July",55.2,60.6,50.2,"2020-07-01"
2020,8,"August",56.5,62,51.3,"2020-08-01"
2020,9,"September",56.6,62.3,51.2,"2020-09-01"
2020,10,"October",57.4,63,52.1,"2020-10-01"
2020,11,"November",57.4,62.8,52.3,"2020-11-01"
2020,12,"December",57.4,62.9,52.2,"2020-12-01"
2021,1,"January",57.5,63.2,52.2,"2021-01-01"
2021,2,"February",57.6,63.2,52.5,"2021-02-01"
2021,3,"March",57.8,63.2,52.8,"2021-03-01"
2021,4,"April",57.9,63.4,52.8,"2021-04-01"
2021,5,"May",58,63.5,52.9,"2021-05-01"
2021,6,"June",58,63.5,52.9,"2021-06-01"
2021,7,"July",58.4,63.8,53.3,"2021-07-01"
2021,8,"August",58.5,64.1,53.4,"2021-08-01"
2021,9,"September",58.8,64.4,53.5,"2021-09-01"
2021,10,"October",58.9,64.6,53.6,"2021-10-01"
2021,11,"November",59.3,65,53.9,"2021-11-01"
2021,12,"December",59.5,65.1,54.3,"2021-12-01"
2022,1,"January",59.7,65.1,54.6,"2022-01-01"
2022,2,"February",59.9,65.7,54.4,"2022-02-01"
2022,3,"March",60.1,65.8,54.8,"2022-03-01"
2022,4,"April",60,65.5,54.8,"2022-04-01"
2022,5,"May",60.1,65.6,54.9,"2022-05-01"
2022,6,"June",59.9,65.4,54.7,"2022-06-01"
2022,7,"July",60,65.2,55,"2022-07-01"
2022,8,"August",60.1,65.3,55.1,"2022-08-01"
