"year","period","periodName","footnotes","LNS12300000","LNS12300001","LNS12300002","date"
1948,"M01","January","",56.6,83.8,30.9,1948-01-01
1948,"M02","February","",56.7,83.9,31,1948-02-01
1948,"M03","March","",56.1,83,30.7,1948-03-01
1948,"M04","April","",56.7,83.3,31.6,1948-04-01
1948,"M05","May","",56.2,83.1,30.9,1948-05-01
1948,"M06","June","",57,83.7,31.9,1948-06-01
1948,"M07","July","",57.1,83.8,32,1948-07-01
1948,"M08","August","",56.6,83.5,31.3,1948-08-01
1948,"M09","September","",56.6,83.2,31.7,1948-09-01
1948,"M10","October","",56.5,83.5,31.1,1948-10-01
1948,"M11","November","",56.5,83.3,31.3,1948-11-01
1948,"M12","December","",56.8,83.5,31.6,1948-12-01
1949,"M01","January","",56.2,82.8,31.2,1949-01-01
1949,"M02","February","",56.2,82.6,31.5,1949-02-01
1949,"M03","March","",56,82.1,31.5,1949-03-01
1949,"M04","April","",55.7,82,31,1949-04-01
1949,"M05","May","",55.4,81.3,31.1,1949-05-01
1949,"M06","June","",55,80.9,30.7,1949-06-01
1949,"M07","July","",55,80.4,31.1,1949-07-01
1949,"M08","August","",55.1,80.7,31.2,1949-08-01
1949,"M09","September","",55.3,81,31.1,1949-09-01
1949,"M10","October","",54.9,80,31.3,1949-10-01
1949,"M11","November","",55.6,81.2,31.6,1949-11-01
1949,"M12","December","",55.3,81,31.3,1949-12-01
1950,"M01","January","",55.1,80.7,31.1,1950-01-01
1950,"M02","February","",55.1,80.7,31.1,1950-02-01
1950,"M03","March","",55.1,80.7,31,1950-03-01
1950,"M04","April","",55.8,81.1,32.1,1950-04-01
1950,"M05","May","",55.8,81.6,31.6,1950-05-01
1950,"M06","June","",56.2,81.8,32.1,1950-06-01
1950,"M07","July","",56.1,82,31.8,1950-07-01
1950,"M08","August","",56.8,82.8,32.5,1950-08-01
1950,"M09","September","",56.6,82.9,32,1950-09-01
1950,"M10","October","",56.9,83,32.6,1950-10-01
1950,"M11","November","",56.9,83.1,32.6,1950-11-01
1950,"M12","December","",56.7,83,32.4,1950-12-01
1951,"M01","January","",56.9,83.1,32.7,1951-01-01
1951,"M02","February","",57,83.7,32.6,1951-02-01
1951,"M03","March","",57.7,84.5,33.3,1951-03-01
1951,"M04","April","",57.3,84.1,32.9,1951-04-01
1951,"M05","May","",57.6,84.5,33.2,1951-05-01
1951,"M06","June","",57.1,84,32.7,1951-06-01
1951,"M07","July","",57.6,83.9,33.8,1951-07-01
1951,"M08","August","",57.4,84.1,33.3,1951-08-01
1951,"M09","September","",57.1,84,32.9,1951-09-01
1951,"M10","October","",57.3,84.1,33.2,1951-10-01
1951,"M11","November","",57.1,83.8,33.1,1951-11-01
1951,"M12","December","",57.7,84.5,33.6,1951-12-01
1952,"M01","January","",57.7,84.4,33.7,1952-01-01
1952,"M02","February","",57.7,84.5,33.5,1952-02-01
1952,"M03","March","",57.1,84.2,32.9,1952-03-01
1952,"M04","April","",57.1,84,33.1,1952-04-01
1952,"M05","May","",57.3,84.2,33.3,1952-05-01
1952,"M06","June","",57.3,84,33.4,1952-06-01
1952,"M07","July","",57,83.7,33.1,1952-07-01
1952,"M08","August","",56.8,83.2,33.1,1952-08-01
1952,"M09","September","",57.4,83.3,34.2,1952-09-01
1952,"M10","October","",56.9,83.4,33.3,1952-10-01
1952,"M11","November","",57.5,83.5,34.2,1952-11-01
1952,"M12","December","",57.6,84.3,33.8,1952-12-01
1953,"M01","January","",57.8,84.1,34.1,1953-01-01
1953,"M02","February","",58,84.7,33.9,1953-02-01
1953,"M03","March","",58.1,84.7,34.1,1953-03-01
1953,"M04","April","",57.5,84,33.6,1953-04-01
1953,"M05","May","",57.1,83.7,33.1,1953-05-01
1953,"M06","June","",57.4,83.8,33.7,1953-06-01
1953,"M07","July","",57.4,83.8,33.6,1953-07-01
1953,"M08","August","",57.1,83.6,33.2,1953-08-01
1953,"M09","September","",56.8,83.1,33.1,1953-09-01
1953,"M10","October","",56.7,82.9,33.1,1953-10-01
1953,"M11","November","",56.5,83,32.6,1953-11-01
1953,"M12","December","",55.7,82.2,31.9,1953-12-01
1954,"M01","January","",55.7,82,31.9,1954-01-01
1954,"M02","February","",56.2,82,33,1954-02-01
1954,"M03","March","",55.7,81,32.9,1954-03-01
1954,"M04","April","",55.7,81.1,32.7,1954-04-01
1954,"M05","May","",55.4,80.8,32.4,1954-05-01
1954,"M06","June","",55.2,80.7,32.2,1954-06-01
1954,"M07","July","",55,80.6,31.9,1954-07-01
1954,"M08","August","",55.2,80.8,32.1,1954-08-01
1954,"M09","September","",55.5,80.9,32.7,1954-09-01
1954,"M10","October","",55.5,80.6,32.8,1954-10-01
1954,"M11","November","",55.5,80.7,32.7,1954-11-01
1954,"M12","December","",55.2,80.6,32.3,1954-12-01
1955,"M01","January","",55.7,81,32.9,1955-01-01
1955,"M02","February","",55.7,81,32.8,1955-02-01
1955,"M03","March","",55.8,81.2,32.8,1955-03-01
1955,"M04","April","",56.2,81.2,33.6,1955-04-01
1955,"M05","May","",56.3,81.6,33.3,1955-05-01
1955,"M06","June","",56.3,81.5,33.5,1955-06-01
1955,"M07","July","",56.9,82.1,34.2,1955-07-01
1955,"M08","August","",57.1,82,34.6,1955-08-01
1955,"M09","September","",57.2,82.4,34.4,1955-09-01
1955,"M10","October","",57.2,82.3,34.5,1955-10-01
1955,"M11","November","",57.4,82.5,34.7,1955-11-01
1955,"M12","December","",57.7,82.7,35.2,1955-12-01
1956,"M01","January","",57.8,82.9,35,1956-01-01
1956,"M02","February","",57.5,82.6,34.8,1956-02-01
1956,"M03","March","",57.3,82.5,34.5,1956-03-01
1956,"M04","April","",57.5,82.5,34.9,1956-04-01
1956,"M05","May","",57.6,82.4,35.2,1956-05-01
1956,"M06","June","",57.5,82.3,35.1,1956-06-01
1956,"M07","July","",57.5,82.2,35,1956-07-01
1956,"M08","August","",57.6,82.3,35.2,1956-08-01
1956,"M09","September","",57.6,82.1,35.4,1956-09-01
1956,"M10","October","",57.5,82,35.2,1956-10-01
1956,"M11","November","",57.3,81.7,35.1,1956-11-01
1956,"M12","December","",57.3,81.7,35.2,1956-12-01
1957,"M01","January","",57,81.5,34.9,1957-01-01
1957,"M02","February","",57.5,81.9,35.4,1957-02-01
1957,"M03","March","",57.6,82.2,35.4,1957-03-01
1957,"M04","April","",57.2,81.8,35,1957-04-01
1957,"M05","May","",57.1,81.7,34.9,1957-05-01
1957,"M06","June","",57.2,81.8,35,1957-06-01
1957,"M07","July","",57.5,81.8,35.4,1957-07-01
1957,"M08","August","",56.9,81.2,34.9,1957-08-01
1957,"M09","September","",57,81,35.2,1957-09-01
1957,"M10","October","",56.8,80.7,35.2,1957-10-01
1957,"M11","November","",56.4,80.1,35,1957-11-01
1957,"M12","December","",56.6,80.1,35.3,1957-12-01
1958,"M01","January","",55.9,79.3,34.7,1958-01-01
1958,"M02","February","",55.5,78.7,34.6,1958-02-01
1958,"M03","March","",55.3,78.3,34.6,1958-03-01
1958,"M04","April","",55.2,78.1,34.5,1958-04-01
1958,"M05","May","",55.4,78.3,34.6,1958-05-01
1958,"M06","June","",55.2,78.1,34.5,1958-06-01
1958,"M07","July","",55.2,78.2,34.3,1958-07-01
1958,"M08","August","",55.4,78.3,34.6,1958-08-01
1958,"M09","September","",55.4,78.6,34.4,1958-09-01
1958,"M10","October","",55.6,78.9,34.5,1958-10-01
1958,"M11","November","",55.5,78.7,34.6,1958-11-01
1958,"M12","December","",55.5,78.6,34.6,1958-12-01
1959,"M01","January","",55.7,78.8,34.8,1959-01-01
1959,"M02","February","",55.5,78.7,34.6,1959-02-01
1959,"M03","March","",56,79.3,34.8,1959-03-01
1959,"M04","April","",56.3,79.8,35,1959-04-01
1959,"M05","May","",56.2,79.6,35,1959-05-01
1959,"M06","June","",56.3,79.5,35.2,1959-06-01
1959,"M07","July","",56.3,79.8,35,1959-07-01
1959,"M08","August","",56.1,79.4,35,1959-08-01
1959,"M09","September","",56,79.3,34.9,1959-09-01
1959,"M10","October","",56.1,79.2,35.1,1959-10-01
1959,"M11","November","",55.7,78.6,34.9,1959-11-01
1959,"M12","December","",56.3,79.7,35.1,1959-12-01
1960,"M01","January","",56,79.4,34.9,1960-01-01
1960,"M02","February","",56.2,79.6,35.1,1960-02-01
1960,"M03","March","",55.4,78.5,34.5,1960-03-01
1960,"M04","April","",56.4,79.4,35.7,1960-04-01
1960,"M05","May","",56.4,79.2,35.8,1960-05-01
1960,"M06","June","",56.5,78.9,36.2,1960-06-01
1960,"M07","July","",56.2,78.7,35.8,1960-07-01
1960,"M08","August","",56.1,78.7,35.7,1960-08-01
1960,"M09","September","",56.4,78.9,36.1,1960-09-01
1960,"M10","October","",55.8,78.5,35.3,1960-10-01
1960,"M11","November","",56.1,78.7,35.7,1960-11-01
1960,"M12","December","",55.7,78.1,35.6,1960-12-01
1961,"M01","January","",55.7,78,35.5,1961-01-01
1961,"M02","February","",55.5,77.4,35.6,1961-02-01
1961,"M03","March","",55.6,77.6,35.8,1961-03-01
1961,"M04","April","",55.2,77.2,35.3,1961-04-01
1961,"M05","May","",55.2,77.3,35.2,1961-05-01
1961,"M06","June","",55.6,77.7,35.6,1961-06-01
1961,"M07","July","",55.2,77.3,35.2,1961-07-01
1961,"M08","August","",55.3,77.6,35.3,1961-08-01
1961,"M09","September","",55,77.4,34.9,1961-09-01
1961,"M10","October","",55.3,77.5,35.3,1961-10-01
1961,"M11","November","",55.5,77.9,35.3,1961-11-01
1961,"M12","December","",55.3,77.8,35.1,1961-12-01
1962,"M01","January","",55.4,77.8,35.4,1962-01-01
1962,"M02","February","",55.7,78.2,35.6,1962-02-01
1962,"M03","March","",55.7,78.2,35.5,1962-03-01
1962,"M04","April","",55.4,77.7,35.5,1962-04-01
1962,"M05","May","",55.7,78.1,35.5,1962-05-01
1962,"M06","June","",55.6,77.8,35.6,1962-06-01
1962,"M07","July","",55.3,77.5,35.4,1962-07-01
1962,"M08","August","",55.7,77.7,35.8,1962-08-01
1962,"M09","September","",55.7,77.7,35.9,1962-09-01
1962,"M10","October","",55.5,77.7,35.6,1962-10-01
1962,"M11","November","",55.2,77.2,35.5,1962-11-01
1962,"M12","December","",55.2,77.2,35.4,1962-12-01
1963,"M01","January","",55.2,77,35.6,1963-01-01
1963,"M02","February","",55.1,76.7,35.7,1963-02-01
1963,"M03","March","",55.3,77,35.8,1963-03-01
1963,"M04","April","",55.5,77.1,36,1963-04-01
1963,"M05","May","",55.3,77,35.9,1963-05-01
1963,"M06","June","",55.3,77.1,35.7,1963-06-01
1963,"M07","July","",55.4,77.3,35.8,1963-07-01
1963,"M08","August","",55.4,77.3,35.6,1963-08-01
1963,"M09","September","",55.5,77.4,35.8,1963-09-01
1963,"M10","October","",55.5,77.2,36,1963-10-01
1963,"M11","November","",55.4,77.1,36,1963-11-01
1963,"M12","December","",55.3,76.9,35.9,1963-12-01
1964,"M01","January","",55.3,76.9,35.9,1964-01-01
1964,"M02","February","",55.6,77.1,36.3,1964-02-01
1964,"M03","March","",55.5,77.1,36.2,1964-03-01
1964,"M04","April","",55.9,77.4,36.7,1964-04-01
1964,"M05","May","",56.1,77.7,36.6,1964-05-01
1964,"M06","June","",55.6,77.1,36.5,1964-06-01
1964,"M07","July","",55.7,77.5,36.2,1964-07-01
1964,"M08","August","",55.7,77.3,36.4,1964-08-01
1964,"M09","September","",55.7,77.4,36.2,1964-09-01
1964,"M10","October","",55.6,77.3,36.2,1964-10-01
1964,"M11","November","",55.7,77.3,36.3,1964-11-01
1964,"M12","December","",55.6,77.1,36.4,1964-12-01
1965,"M01","January","",55.7,77.2,36.4,1965-01-01
1965,"M02","February","",55.7,77.3,36.4,1965-02-01
1965,"M03","March","",55.9,77.4,36.6,1965-03-01
1965,"M04","April","",56,77.5,36.7,1965-04-01
1965,"M05","May","",56.2,77.8,36.9,1965-05-01
1965,"M06","June","",56.1,77.3,37.2,1965-06-01
1965,"M07","July","",56.5,77.7,37.4,1965-07-01
1965,"M08","August","",56.3,77.5,37.3,1965-08-01
1965,"M09","September","",56.2,77.3,37.2,1965-09-01
1965,"M10","October","",56.4,77.6,37.5,1965-10-01
1965,"M11","November","",56.4,77.6,37.5,1965-11-01
1965,"M12","December","",56.6,77.7,37.8,1965-12-01
1966,"M01","January","",56.7,77.8,37.8,1966-01-01
1966,"M02","February","",56.6,77.7,37.7,1966-02-01
1966,"M03","March","",56.6,77.7,37.7,1966-03-01
1966,"M04","April","",56.8,78,37.9,1966-04-01
1966,"M05","May","",56.7,77.8,37.9,1966-05-01
1966,"M06","June","",56.9,78,38.1,1966-06-01
1966,"M07","July","",56.9,77.9,38.2,1966-07-01
1966,"M08","August","",57,77.9,38.5,1966-08-01
1966,"M09","September","",57.1,77.7,38.7,1966-09-01
1966,"M10","October","",57.1,77.9,38.8,1966-10-01
1966,"M11","November","",57.4,78,39.2,1966-11-01
1966,"M12","December","",57.3,77.9,39,1966-12-01
1967,"M01","January","",57.1,78.1,38.6,1967-01-01
1967,"M02","February","",57,77.9,38.6,1967-02-01
1967,"M03","March","",56.8,77.7,38.4,1967-03-01
1967,"M04","April","",57.1,77.8,38.9,1967-04-01
1967,"M05","May","",57,77.8,38.7,1967-05-01
1967,"M06","June","",57.3,78.1,38.9,1967-06-01
1967,"M07","July","",57.4,78.2,39,1967-07-01
1967,"M08","August","",57.4,78.1,39.2,1967-08-01
1967,"M09","September","",57.4,78,39.2,1967-09-01
1967,"M10","October","",57.5,78,39.3,1967-10-01
1967,"M11","November","",57.5,77.9,39.4,1967-11-01
1967,"M12","December","",57.6,77.9,39.7,1967-12-01
1968,"M01","January","",57,77.4,38.9,1968-01-01
1968,"M02","February","",57.3,77.7,39.3,1968-02-01
1968,"M03","March","",57.4,77.6,39.5,1968-03-01
1968,"M04","April","",57.4,77.8,39.4,1968-04-01
1968,"M05","May","",57.8,77.9,40,1968-05-01
1968,"M06","June","",57.8,78,39.9,1968-06-01
1968,"M07","July","",57.6,78,39.7,1968-07-01
1968,"M08","August","",57.5,78,39.5,1968-08-01
1968,"M09","September","",57.5,77.7,39.8,1968-09-01
1968,"M10","October","",57.5,77.7,39.7,1968-10-01
1968,"M11","November","",57.6,77.6,39.9,1968-11-01
1968,"M12","December","",57.7,77.9,39.9,1968-12-01
1969,"M01","January","",57.6,77.7,39.9,1969-01-01
1969,"M02","February","",57.9,77.9,40.3,1969-02-01
1969,"M03","March","",57.9,77.8,40.4,1969-03-01
1969,"M04","April","",57.9,77.7,40.5,1969-04-01
1969,"M05","May","",57.8,77.5,40.4,1969-05-01
1969,"M06","June","",58,77.6,40.8,1969-06-01
1969,"M07","July","",58,77.4,40.9,1969-07-01
1969,"M08","August","",58.1,77.7,40.9,1969-08-01
1969,"M09","September","",58.1,77.6,40.8,1969-09-01
1969,"M10","October","",58.1,77.5,41.1,1969-10-01
1969,"M11","November","",58.1,77.5,41,1969-11-01
1969,"M12","December","",58.1,77.3,41.2,1969-12-01
1970,"M01","January","",58,77.3,41.1,1970-01-01
1970,"M02","February","",57.9,77.1,41,1970-02-01
1970,"M03","March","",57.9,77.1,41,1970-03-01
1970,"M04","April","",57.9,76.7,41.2,1970-04-01
1970,"M05","May","",57.5,76.6,40.6,1970-05-01
1970,"M06","June","",57.3,76,40.7,1970-06-01
1970,"M07","July","",57.4,76,40.9,1970-07-01
1970,"M08","August","",57.2,75.7,40.8,1970-08-01
1970,"M09","September","",57,75.7,40.5,1970-09-01
1970,"M10","October","",57,75.4,40.7,1970-10-01
1970,"M11","November","",56.9,75.4,40.5,1970-11-01
1970,"M12","December","",56.7,75.2,40.4,1970-12-01
1971,"M01","January","",56.8,75.1,40.6,1971-01-01
1971,"M02","February","",56.6,74.9,40.4,1971-02-01
1971,"M03","March","",56.4,74.7,40.2,1971-03-01
1971,"M04","April","",56.6,75.1,40.2,1971-04-01
1971,"M05","May","",56.6,75.1,40.2,1971-05-01
1971,"M06","June","",56.2,74.6,39.9,1971-06-01
1971,"M07","July","",56.5,75,40,1971-07-01
1971,"M08","August","",56.6,74.9,40.3,1971-08-01
1971,"M09","September","",56.6,74.8,40.4,1971-09-01
1971,"M10","October","",56.6,74.7,40.5,1971-10-01
1971,"M11","November","",56.8,74.9,40.7,1971-11-01
1971,"M12","December","",56.8,74.7,40.8,1971-12-01
1972,"M01","January","",56.7,74.6,40.8,1972-01-01
1972,"M02","February","",56.7,74.6,40.8,1972-02-01
1972,"M03","March","",56.9,74.9,41,1972-03-01
1972,"M04","April","",56.9,74.9,40.9,1972-04-01
1972,"M05","May","",57,74.9,41,1972-05-01
1972,"M06","June","",57,75.1,40.9,1972-06-01
1972,"M07","July","",57,75.1,40.9,1972-07-01
1972,"M08","August","",57.1,75.3,41,1972-08-01
1972,"M09","September","",57,75.1,40.9,1972-09-01
1972,"M10","October","",57,75,40.9,1972-10-01
1972,"M11","November","",57.2,75.1,41.1,1972-11-01
1972,"M12","December","",57.3,75.4,41.3,1972-12-01
1973,"M01","January","",57.1,75.1,41,1973-01-01
1973,"M02","February","",57.5,75.4,41.6,1973-02-01
1973,"M03","March","",57.8,75.7,41.7,1973-03-01
1973,"M04","April","",57.7,75.5,41.9,1973-04-01
1973,"M05","May","",57.7,75.3,42.1,1973-05-01
1973,"M06","June","",58,75.6,42.3,1973-06-01
1973,"M07","July","",57.9,75.7,42.1,1973-07-01
1973,"M08","August","",57.8,75.4,42.1,1973-08-01
1973,"M09","September","",57.9,75.4,42.2,1973-09-01
1973,"M10","October","",58.1,75.7,42.4,1973-10-01
1973,"M11","November","",58.2,75.8,42.6,1973-11-01
1973,"M12","December","",58.2,75.8,42.5,1973-12-01
1974,"M01","January","",58.2,76,42.3,1974-01-01
1974,"M02","February","",58.2,75.8,42.6,1974-02-01
1974,"M03","March","",58.2,75.5,42.7,1974-03-01
1974,"M04","April","",58,75.1,42.7,1974-04-01
1974,"M05","May","",58,75.3,42.6,1974-05-01
1974,"M06","June","",58,75,42.7,1974-06-01
1974,"M07","July","",58,74.8,43,1974-07-01
1974,"M08","August","",57.8,74.7,42.8,1974-08-01
1974,"M09","September","",57.7,74.6,42.7,1974-09-01
1974,"M10","October","",57.6,74.4,42.6,1974-10-01
1974,"M11","November","",57.3,74.1,42.3,1974-11-01
1974,"M12","December","",56.9,73.4,42.1,1974-12-01
1975,"M01","January","",56.4,72.6,42,1975-01-01
1975,"M02","February","",56.1,72.2,41.7,1975-02-01
1975,"M03","March","",56,71.9,41.7,1975-03-01
1975,"M04","April","",55.9,71.6,41.8,1975-04-01
1975,"M05","May","",56,71.7,41.9,1975-05-01
1975,"M06","June","",55.8,71.3,41.9,1975-06-01
1975,"M07","July","",56,71.7,42.1,1975-07-01
1975,"M08","August","",56.1,71.8,42.2,1975-08-01
1975,"M09","September","",56.1,71.6,42.2,1975-09-01
1975,"M10","October","",56.1,71.5,42.3,1975-10-01
1975,"M11","November","",56,71.4,42.2,1975-11-01
1975,"M12","December","",56.1,71.4,42.4,1975-12-01
1976,"M01","January","",56.4,71.8,42.7,1976-01-01
1976,"M02","February","",56.5,71.9,42.8,1976-02-01
1976,"M03","March","",56.7,71.9,43,1976-03-01
1976,"M04","April","",56.8,72.2,43.1,1976-04-01
1976,"M05","May","",57,72.2,43.4,1976-05-01
1976,"M06","June","",56.8,71.8,43.3,1976-06-01
1976,"M07","July","",57,72.1,43.5,1976-07-01
1976,"M08","August","",57,72.3,43.3,1976-08-01
1976,"M09","September","",56.9,72.1,43.2,1976-09-01
1976,"M10","October","",56.9,72.1,43.2,1976-10-01
1976,"M11","November","",57,72,43.6,1976-11-01
1976,"M12","December","",57,72,43.6,1976-12-01
1977,"M01","January","",57,72.1,43.6,1977-01-01
1977,"M02","February","",57.2,72.2,43.8,1977-02-01
1977,"M03","March","",57.4,72.3,44,1977-03-01
1977,"M04","April","",57.6,72.6,44.2,1977-04-01
1977,"M05","May","",57.8,72.6,44.6,1977-05-01
1977,"M06","June","",57.9,72.8,44.4,1977-06-01
1977,"M07","July","",57.8,72.8,44.4,1977-07-01
1977,"M08","August","",58,72.9,44.6,1977-08-01
1977,"M09","September","",58.1,72.8,44.8,1977-09-01
1977,"M10","October","",58.2,73.2,44.8,1977-10-01
1977,"M11","November","",58.6,73.5,45.1,1977-11-01
1977,"M12","December","",58.7,73.6,45.3,1977-12-01
1978,"M01","January","",58.8,73.5,45.5,1978-01-01
1978,"M02","February","",58.8,73.4,45.7,1978-02-01
1978,"M03","March","",58.8,73.3,45.8,1978-03-01
1978,"M04","April","",59.2,73.6,46.2,1978-04-01
1978,"M05","May","",59.3,73.8,46.3,1978-05-01
1978,"M06","June","",59.5,74.1,46.5,1978-06-01
1978,"M07","July","",59.3,73.8,46.3,1978-07-01
1978,"M08","August","",59.4,73.9,46.4,1978-08-01
1978,"M09","September","",59.5,73.7,46.7,1978-09-01
1978,"M10","October","",59.7,73.8,47,1978-10-01
1978,"M11","November","",59.8,74.1,47,1978-11-01
1978,"M12","December","",59.8,73.9,47.1,1978-12-01
1979,"M01","January","",59.9,74.2,47.1,1979-01-01
1979,"M02","February","",60.1,74.3,47.3,1979-02-01
1979,"M03","March","",60,74,47.5,1979-03-01
1979,"M04","April","",59.8,73.9,47.1,1979-04-01
1979,"M05","May","",59.8,73.8,47.2,1979-05-01
1979,"M06","June","",59.9,74,47.2,1979-06-01
1979,"M07","July","",60,73.9,47.5,1979-07-01
1979,"M08","August","",59.8,73.7,47.3,1979-08-01
1979,"M09","September","",60,73.9,47.6,1979-09-01
1979,"M10","October","",59.9,73.5,47.7,1979-10-01
1979,"M11","November","",60,73.4,47.9,1979-11-01
1979,"M12","December","",60.1,73.5,48,1979-12-01
1980,"M01","January","",60,73.3,48,1980-01-01
1980,"M02","February","",60,73.4,47.9,1980-02-01
1980,"M03","March","",59.7,73,47.8,1980-03-01
1980,"M04","April","",59.4,72.3,47.7,1980-04-01
1980,"M05","May","",59.1,71.9,47.6,1980-05-01
1980,"M06","June","",58.9,71.5,47.5,1980-06-01
1980,"M07","July","",58.8,71.4,47.5,1980-07-01
1980,"M08","August","",58.8,71.4,47.5,1980-08-01
1980,"M09","September","",58.9,71.4,47.6,1980-09-01
1980,"M10","October","",58.9,71.6,47.6,1980-10-01
1980,"M11","November","",59,71.6,47.7,1980-11-01
1980,"M12","December","",59,71.7,47.6,1980-12-01
1981,"M01","January","",59.1,71.7,47.8,1981-01-01
1981,"M02","February","",59.2,71.6,48,1981-02-01
1981,"M03","March","",59.4,71.8,48.1,1981-03-01
1981,"M04","April","",59.6,72.1,48.3,1981-04-01
1981,"M05","May","",59.5,71.9,48.4,1981-05-01
1981,"M06","June","",59,71.1,48.1,1981-06-01
1981,"M07","July","",59.1,71.5,48.1,1981-07-01
1981,"M08","August","",59.1,71.4,48.1,1981-08-01
1981,"M09","September","",58.7,71.1,47.5,1981-09-01
1981,"M10","October","",58.8,70.8,47.9,1981-10-01
1981,"M11","November","",58.6,70.5,47.9,1981-11-01
1981,"M12","December","",58.2,70,47.6,1981-12-01
1982,"M01","January","",58.2,69.9,47.7,1982-01-01
1982,"M02","February","",58.2,69.9,47.7,1982-02-01
1982,"M03","March","",58.1,69.6,47.7,1982-03-01
1982,"M04","April","",57.9,69.5,47.6,1982-04-01
1982,"M05","May","",58.2,69.7,47.8,1982-05-01
1982,"M06","June","",57.8,68.9,47.8,1982-06-01
1982,"M07","July","",57.7,68.8,47.8,1982-07-01
1982,"M08","August","",57.8,68.8,47.8,1982-08-01
1982,"M09","September","",57.6,68.6,47.8,1982-09-01
1982,"M10","October","",57.4,68.4,47.5,1982-10-01
1982,"M11","November","",57.3,68.2,47.5,1982-11-01
1982,"M12","December","",57.2,68,47.5,1982-12-01
1983,"M01","January","",57.2,67.9,47.5,1983-01-01
1983,"M02","February","",57.1,67.8,47.5,1983-02-01
1983,"M03","March","",57.1,67.8,47.5,1983-03-01
1983,"M04","April","",57.3,68,47.6,1983-04-01
1983,"M05","May","",57.3,68.1,47.5,1983-05-01
1983,"M06","June","",57.8,69,47.7,1983-06-01
1983,"M07","July","",58.1,69.2,48,1983-07-01
1983,"M08","August","",58.2,69.2,48.4,1983-08-01
1983,"M09","September","",58.4,69.3,48.7,1983-09-01
1983,"M10","October","",58.4,69.4,48.5,1983-10-01
1983,"M11","November","",58.7,69.9,48.7,1983-11-01
1983,"M12","December","",58.8,69.9,48.8,1983-12-01
1984,"M01","January","",58.8,70,48.7,1984-01-01
1984,"M02","February","",59.1,70.3,49,1984-02-01
1984,"M03","March","",59.1,70.3,49,1984-03-01
1984,"M04","April","",59.3,70.4,49.3,1984-04-01
1984,"M05","May","",59.7,70.7,49.9,1984-05-01
1984,"M06","June","",59.9,71.2,49.7,1984-06-01
1984,"M07","July","",59.8,70.8,49.8,1984-07-01
1984,"M08","August","",59.6,70.7,49.5,1984-08-01
1984,"M09","September","",59.7,70.9,49.6,1984-09-01
1984,"M10","October","",59.7,70.9,49.6,1984-10-01
1984,"M11","November","",59.8,71,49.7,1984-11-01
1984,"M12","December","",59.9,71,49.9,1984-12-01
1985,"M01","January","",59.9,70.9,50.1,1985-01-01
1985,"M02","February","",60,70.8,50.3,1985-02-01
1985,"M03","March","",60.2,71,50.5,1985-03-01
1985,"M04","April","",60.1,71,50.4,1985-04-01
1985,"M05","May","",60.1,71.1,50.2,1985-05-01
1985,"M06","June","",59.8,70.6,50.1,1985-06-01
1985,"M07","July","",59.9,70.7,50.2,1985-07-01
1985,"M08","August","",60,70.9,50.2,1985-08-01
1985,"M09","September","",60.3,71,50.6,1985-09-01
1985,"M10","October","",60.3,71,50.7,1985-10-01
1985,"M11","November","",60.4,71,50.8,1985-11-01
1985,"M12","December","",60.4,71,50.9,1985-12-01
1986,"M01","January","",60.6,71.3,50.9,1986-01-01
1986,"M02","February","",60.3,70.9,50.8,1986-02-01
1986,"M03","March","",60.5,70.9,51,1986-03-01
1986,"M04","April","",60.5,70.9,51,1986-04-01
1986,"M05","May","",60.5,70.8,51.2,1986-05-01
1986,"M06","June","",60.7,70.9,51.5,1986-06-01
1986,"M07","July","",60.8,70.9,51.6,1986-07-01
1986,"M08","August","",60.8,70.9,51.7,1986-08-01
1986,"M09","September","",60.8,70.9,51.7,1986-09-01
1986,"M10","October","",60.9,70.9,51.8,1986-10-01
1986,"M11","November","",60.9,71.1,51.7,1986-11-01
1986,"M12","December","",61,71.2,51.7,1986-12-01
1987,"M01","January","",61,71.3,51.7,1987-01-01
1987,"M02","February","",61.1,71.3,51.9,1987-02-01
1987,"M03","March","",61.2,71.2,52.1,1987-03-01
1987,"M04","April","",61.3,71.3,52.3,1987-04-01
1987,"M05","May","",61.6,71.5,52.6,1987-05-01
1987,"M06","June","",61.4,71.3,52.5,1987-06-01
1987,"M07","July","",61.6,71.4,52.7,1987-07-01
1987,"M08","August","",61.8,71.6,52.9,1987-08-01
1987,"M09","September","",61.6,71.6,52.6,1987-09-01
1987,"M10","October","",61.8,71.7,52.8,1987-10-01
1987,"M11","November","",61.9,71.7,52.9,1987-11-01
1987,"M12","December","",62,71.8,53.1,1987-12-01
1988,"M01","January","",62,71.9,53.1,1988-01-01
1988,"M02","February","",62.1,72,53.1,1988-02-01
1988,"M03","March","",61.9,71.6,53.2,1988-03-01
1988,"M04","April","",62.2,72.2,53.2,1988-04-01
1988,"M05","May","",62,72,52.9,1988-05-01
1988,"M06","June","",62.3,72.1,53.3,1988-06-01
1988,"M07","July","",62.3,72.2,53.3,1988-07-01
1988,"M08","August","",62.4,72.2,53.5,1988-08-01
1988,"M09","September","",62.4,72.1,53.5,1988-09-01
1988,"M10","October","",62.5,72,53.8,1988-10-01
1988,"M11","November","",62.7,72.1,54.1,1988-11-01
1988,"M12","December","",62.6,72,54.1,1988-12-01
1989,"M01","January","",62.9,72.2,54.4,1989-01-01
1989,"M02","February","",62.9,72.4,54.2,1989-02-01
1989,"M03","March","",62.9,72.6,54.2,1989-03-01
1989,"M04","April","",62.9,72.5,54.2,1989-04-01
1989,"M05","May","",62.9,72.4,54.2,1989-05-01
1989,"M06","June","",63,72.8,54.1,1989-06-01
1989,"M07","July","",63,72.7,54.2,1989-07-01
1989,"M08","August","",63.1,72.6,54.4,1989-08-01
1989,"M09","September","",62.8,72,54.5,1989-09-01
1989,"M10","October","",62.9,72.4,54.3,1989-10-01
1989,"M11","November","",63,72.3,54.7,1989-11-01
1989,"M12","December","",63,72.3,54.4,1989-12-01
1990,"M01","January","",63.2,72.6,54.6,1990-01-01
1990,"M02","February","",63.2,72.6,54.5,1990-02-01
1990,"M03","March","",63.2,72.6,54.6,1990-03-01
1990,"M04","April","",63,72.3,54.5,1990-04-01
1990,"M05","May","",63.1,72.4,54.6,1990-05-01
1990,"M06","June","",62.9,72.2,54.4,1990-06-01
1990,"M07","July","",62.8,72.1,54.3,1990-07-01
1990,"M08","August","",62.7,71.9,54.4,1990-08-01
1990,"M09","September","",62.5,71.6,54.2,1990-09-01
1990,"M10","October","",62.5,71.6,54.2,1990-10-01
1990,"M11","November","",62.3,71.4,54,1990-11-01
1990,"M12","December","",62.2,71.3,53.9,1990-12-01
1991,"M01","January","",62,71,53.8,1991-01-01
1991,"M02","February","",61.9,70.7,53.8,1991-02-01
1991,"M03","March","",61.8,70.6,53.7,1991-03-01
1991,"M04","April","",62,70.7,54.1,1991-04-01
1991,"M05","May","",61.6,70.4,53.6,1991-05-01
1991,"M06","June","",61.7,70.4,53.7,1991-06-01
1991,"M07","July","",61.6,70.3,53.6,1991-07-01
1991,"M08","August","",61.5,70.2,53.5,1991-08-01
1991,"M09","September","",61.6,70.3,53.7,1991-09-01
1991,"M10","October","",61.5,70.1,53.7,1991-10-01
1991,"M11","November","",61.4,70,53.6,1991-11-01
1991,"M12","December","",61.2,69.7,53.5,1991-12-01
1992,"M01","January","",61.5,69.8,53.8,1992-01-01
1992,"M02","February","",61.3,69.6,53.7,1992-02-01
1992,"M03","March","",61.5,69.8,53.8,1992-03-01
1992,"M04","April","",61.6,70,53.9,1992-04-01
1992,"M05","May","",61.5,69.9,53.8,1992-05-01
1992,"M06","June","",61.5,69.9,53.7,1992-06-01
1992,"M07","July","",61.6,70,53.8,1992-07-01
1992,"M08","August","",61.6,70,53.8,1992-08-01
1992,"M09","September","",61.4,69.9,53.7,1992-09-01
1992,"M10","October","",61.3,69.7,53.6,1992-10-01
1992,"M11","November","",61.4,69.7,53.7,1992-11-01
1992,"M12","December","",61.4,69.8,53.7,1992-12-01
1993,"M01","January","",61.4,69.8,53.7,1993-01-01
1993,"M02","February","",61.4,69.9,53.7,1993-02-01
1993,"M03","March","",61.5,69.9,53.9,1993-03-01
1993,"M04","April","",61.5,69.8,53.8,1993-04-01
1993,"M05","May","",61.7,70.1,54.1,1993-05-01
1993,"M06","June","",61.8,70.1,54.1,1993-06-01
1993,"M07","July","",61.8,70.2,54.1,1993-07-01
1993,"M08","August","",62,70.3,54.3,1993-08-01
1993,"M09","September","",61.7,70,54.2,1993-09-01
1993,"M10","October","",61.8,70,54.3,1993-10-01
1993,"M11","November","",61.9,70.1,54.4,1993-11-01
1993,"M12","December","",62,70.1,54.6,1993-12-01
1994,"M01","January","",62.2,70.2,54.9,1994-01-01
1994,"M02","February","",62.3,70.1,55.1,1994-02-01
1994,"M03","March","",62.1,70,54.9,1994-03-01
1994,"M04","April","",62.3,70.1,55.1,1994-04-01
1994,"M05","May","",62.5,70.3,55.4,1994-05-01
1994,"M06","June","",62.3,70.2,55.1,1994-06-01
1994,"M07","July","",62.3,70.1,55.2,1994-07-01
1994,"M08","August","",62.6,70.5,55.3,1994-08-01
1994,"M09","September","",62.7,70.6,55.4,1994-09-01
1994,"M10","October","",62.9,70.8,55.5,1994-10-01
1994,"M11","November","",63,71,55.6,1994-11-01
1994,"M12","December","",63.1,71.3,55.5,1994-12-01
1995,"M01","January","",63,71.2,55.5,1995-01-01
1995,"M02","February","",63.1,71.3,55.6,1995-02-01
1995,"M03","March","",63.1,71.3,55.6,1995-03-01
1995,"M04","April","",63.1,71.1,55.7,1995-04-01
1995,"M05","May","",62.7,70.5,55.6,1995-05-01
1995,"M06","June","",62.7,70.8,55.3,1995-06-01
1995,"M07","July","",62.8,70.7,55.6,1995-07-01
1995,"M08","August","",62.8,70.6,55.7,1995-08-01
1995,"M09","September","",62.9,70.8,55.6,1995-09-01
1995,"M10","October","",62.9,70.7,55.8,1995-10-01
1995,"M11","November","",62.8,70.3,55.9,1995-11-01
1995,"M12","December","",62.7,70.4,55.6,1995-12-01
1996,"M01","January","",62.7,70.5,55.5,1996-01-01
1996,"M02","February","",62.9,70.7,55.7,1996-02-01
1996,"M03","March","",63,70.7,55.8,1996-03-01
1996,"M04","April","",63,70.7,55.9,1996-04-01
1996,"M05","May","",63,70.8,55.8,1996-05-01
1996,"M06","June","",63.2,71,55.9,1996-06-01
1996,"M07","July","",63.3,71.1,56.1,1996-07-01
1996,"M08","August","",63.3,71.1,56.2,1996-08-01
1996,"M09","September","",63.4,71.1,56.4,1996-09-01
1996,"M10","October","",63.5,71.3,56.4,1996-10-01
1996,"M11","November","",63.4,70.9,56.5,1996-11-01
1996,"M12","December","",63.4,71.1,56.4,1996-12-01
1997,"M01","January","",63.4,71,56.4,1997-01-01
1997,"M02","February","",63.4,71,56.3,1997-02-01
1997,"M03","March","",63.6,71.2,56.6,1997-03-01
1997,"M04","April","",63.7,71.3,56.7,1997-04-01
1997,"M05","May","",63.8,71.5,56.7,1997-05-01
1997,"M06","June","",63.7,71.3,56.8,1997-06-01
1997,"M07","July","",63.9,71.4,57,1997-07-01
1997,"M08","August","",63.9,71.4,57,1997-08-01
1997,"M09","September","",63.9,71.3,57,1997-09-01
1997,"M10","October","",63.9,71.4,57,1997-10-01
1997,"M11","November","",64.1,71.7,57,1997-11-01
1997,"M12","December","",64,71.4,57.2,1997-12-01
1998,"M01","January","",64,71.5,57,1998-01-01
1998,"M02","February","",64,71.5,57,1998-02-01
1998,"M03","March","",64,71.4,57.1,1998-03-01
1998,"M04","April","",64.1,71.8,57,1998-04-01
1998,"M05","May","",64.1,71.7,57.1,1998-05-01
1998,"M06","June","",64,71.6,57,1998-06-01
1998,"M07","July","",64,71.5,57,1998-07-01
1998,"M08","August","",63.9,71.4,57.1,1998-08-01
1998,"M09","September","",64.2,71.6,57.3,1998-09-01
1998,"M10","October","",64.1,71.6,57.1,1998-10-01
1998,"M11","November","",64.2,71.8,57.1,1998-11-01
1998,"M12","December","",64.3,71.7,57.4,1998-12-01
1999,"M01","January","",64.4,71.9,57.4,1999-01-01
1999,"M02","February","",64.2,71.7,57.3,1999-02-01
1999,"M03","March","",64.2,71.7,57.3,1999-03-01
1999,"M04","April","",64.2,71.6,57.3,1999-04-01
1999,"M05","May","",64.3,71.7,57.5,1999-05-01
1999,"M06","June","",64.2,71.6,57.4,1999-06-01
1999,"M07","July","",64.2,71.6,57.4,1999-07-01
1999,"M08","August","",64.2,71.5,57.5,1999-08-01
1999,"M09","September","",64.2,71.6,57.4,1999-09-01
1999,"M10","October","",64.3,71.5,57.6,1999-10-01
1999,"M11","November","",64.4,71.7,57.6,1999-11-01
1999,"M12","December","",64.4,71.8,57.6,1999-12-01
2000,"M01","January","",64.6,72.2,57.6,2000-01-01
2000,"M02","February","",64.6,72.2,57.5,2000-02-01
2000,"M03","March","",64.6,72.2,57.5,2000-03-01
2000,"M04","April","",64.7,72.1,58,2000-04-01
2000,"M05","May","",64.4,71.9,57.5,2000-05-01
2000,"M06","June","",64.5,72,57.5,2000-06-01
2000,"M07","July","",64.2,71.6,57.3,2000-07-01
2000,"M08","August","",64.2,71.9,57.1,2000-08-01
2000,"M09","September","",64.2,71.7,57.4,2000-09-01
2000,"M10","October","",64.2,71.6,57.4,2000-10-01
2000,"M11","November","",64.3,71.7,57.5,2000-11-01
2000,"M12","December","",64.4,71.7,57.6,2000-12-01
2001,"M01","January","",64.4,71.8,57.6,2001-01-01
2001,"M02","February","",64.3,71.6,57.5,2001-02-01
2001,"M03","March","",64.3,71.4,57.7,2001-03-01
2001,"M04","April","",64,71.3,57.2,2001-04-01
2001,"M05","May","",63.8,71.1,57.2,2001-05-01
2001,"M06","June","",63.7,70.9,57,2001-06-01
2001,"M07","July","",63.7,70.9,57,2001-07-01
2001,"M08","August","",63.2,70.4,56.6,2001-08-01
2001,"M09","September","",63.5,70.8,56.7,2001-09-01
2001,"M10","October","",63.2,70.3,56.6,2001-10-01
2001,"M11","November","",63,70,56.6,2001-11-01
2001,"M12","December","",62.9,70,56.3,2001-12-01
2002,"M01","January","",62.7,69.7,56.2,2002-01-01
2002,"M02","February","",63,69.9,56.6,2002-02-01
2002,"M03","March","",62.8,69.8,56.4,2002-03-01
2002,"M04","April","",62.7,69.8,56.2,2002-04-01
2002,"M05","May","",62.9,70.1,56.1,2002-05-01
2002,"M06","June","",62.7,69.8,56.2,2002-06-01
2002,"M07","July","",62.7,69.7,56.1,2002-07-01
2002,"M08","August","",62.7,69.7,56.3,2002-08-01
2002,"M09","September","",63,70,56.4,2002-09-01
2002,"M10","October","",62.7,69.7,56.3,2002-10-01
2002,"M11","November","",62.5,69.2,56.2,2002-11-01
2002,"M12","December","",62.4,69.1,56.2,2002-12-01
2003,"M01","January","",62.5,68.9,56.5,2003-01-01
2003,"M02","February","",62.5,69.2,56.2,2003-02-01
2003,"M03","March","",62.4,68.9,56.3,2003-03-01
2003,"M04","April","",62.4,69,56.3,2003-04-01
2003,"M05","May","",62.3,68.8,56.3,2003-05-01
2003,"M06","June","",62.3,68.7,56.4,2003-06-01
2003,"M07","July","",62.1,68.6,56.1,2003-07-01
2003,"M08","August","",62.1,68.6,56,2003-08-01
2003,"M09","September","",62,68.9,55.7,2003-09-01
2003,"M10","October","",62.1,68.9,55.9,2003-10-01
2003,"M11","November","",62.3,69,56,2003-11-01
2003,"M12","December","",62.2,69.2,55.7,2003-12-01
2004,"M01","January","",62.3,69.4,55.7,2004-01-01
2004,"M02","February","",62.3,69.1,56,2004-02-01
2004,"M03","March","",62.2,69,55.9,2004-03-01
2004,"M04","April","",62.3,69,56,2004-04-01
2004,"M05","May","",62.3,68.9,56.1,2004-05-01
2004,"M06","June","",62.4,69.2,56,2004-06-01
2004,"M07","July","",62.5,69.4,56,2004-07-01
2004,"M08","August","",62.4,69.3,56,2004-08-01
2004,"M09","September","",62.3,69.1,55.9,2004-09-01
2004,"M10","October","",62.3,69.2,55.9,2004-10-01
2004,"M11","November","",62.5,69.4,56,2004-11-01
2004,"M12","December","",62.4,69.2,56.1,2004-12-01
2005,"M01","January","",62.4,69.1,56.1,2005-01-01
2005,"M02","February","",62.4,69.2,56,2005-02-01
2005,"M03","March","",62.4,69.4,56,2005-03-01
2005,"M04","April","",62.7,69.6,56.2,2005-04-01
2005,"M05","May","",62.8,69.8,56.2,2005-05-01
2005,"M06","June","",62.7,69.8,56.1,2005-06-01
2005,"M07","July","",62.8,69.8,56.2,2005-07-01
2005,"M08","August","",62.9,69.9,56.4,2005-08-01
2005,"M09","September","",62.8,69.7,56.4,2005-09-01
2005,"M10","October","",62.8,69.7,56.4,2005-10-01
2005,"M11","November","",62.7,69.6,56.3,2005-11-01
2005,"M12","December","",62.8,69.7,56.3,2005-12-01
2006,"M01","January","",62.9,70,56.3,2006-01-01
2006,"M02","February","",63,70,56.4,2006-02-01
2006,"M03","March","",63.1,70.2,56.4,2006-03-01
2006,"M04","April","",63,70,56.4,2006-04-01
2006,"M05","May","",63.1,70,56.6,2006-05-01
2006,"M06","June","",63.1,70,56.7,2006-06-01
2006,"M07","July","",63,69.6,56.8,2006-07-01
2006,"M08","August","",63.1,69.9,56.8,2006-08-01
2006,"M09","September","",63.1,70.2,56.5,2006-09-01
2006,"M10","October","",63.3,70.2,56.8,2006-10-01
2006,"M11","November","",63.3,70.2,56.8,2006-11-01
2006,"M12","December","",63.4,70.4,56.9,2006-12-01
2007,"M01","January","",63.3,70.3,56.8,2007-01-01
2007,"M02","February","",63.3,70.1,56.8,2007-02-01
2007,"M03","March","",63.3,70.2,56.9,2007-03-01
2007,"M04","April","",63,70,56.3,2007-04-01
2007,"M05","May","",63,69.9,56.6,2007-05-01
2007,"M06","June","",63,69.8,56.7,2007-06-01
2007,"M07","July","",62.9,69.6,56.6,2007-07-01
2007,"M08","August","",62.7,69.4,56.5,2007-08-01
2007,"M09","September","",62.9,69.5,56.8,2007-09-01
2007,"M10","October","",62.7,69.3,56.5,2007-10-01
2007,"M11","November","",62.9,69.6,56.6,2007-11-01
2007,"M12","December","",62.7,69.4,56.5,2007-12-01
2008,"M01","January","",62.9,69.6,56.6,2008-01-01
2008,"M02","February","",62.8,69.5,56.5,2008-02-01
2008,"M03","March","",62.7,69.3,56.5,2008-03-01
2008,"M04","April","",62.7,69.2,56.6,2008-04-01
2008,"M05","May","",62.5,69,56.5,2008-05-01
2008,"M06","June","",62.4,68.8,56.4,2008-06-01
2008,"M07","July","",62.2,68.6,56.3,2008-07-01
2008,"M08","August","",62,68.3,56.1,2008-08-01
2008,"M09","September","",61.9,68.1,56.1,2008-09-01
2008,"M10","October","",61.7,67.8,56.1,2008-10-01
2008,"M11","November","",61.4,67.3,55.8,2008-11-01
2008,"M12","December","",61,66.7,55.6,2008-12-01
2009,"M01","January","",60.6,66.2,55.2,2009-01-01
2009,"M02","February","",60.3,65.7,55.2,2009-02-01
2009,"M03","March","",59.9,65.1,55,2009-03-01
2009,"M04","April","",59.8,65,54.9,2009-04-01
2009,"M05","May","",59.6,64.8,54.7,2009-05-01
2009,"M06","June","",59.4,64.6,54.5,2009-06-01
2009,"M07","July","",59.3,64.5,54.5,2009-07-01
2009,"M08","August","",59.1,64.2,54.3,2009-08-01
2009,"M09","September","",58.7,63.9,53.9,2009-09-01
2009,"M10","October","",58.5,63.7,53.7,2009-10-01
2009,"M11","November","",58.6,63.6,53.8,2009-11-01
2009,"M12","December","",58.3,63.3,53.5,2009-12-01
2010,"M01","January","",58.5,63.3,53.9,2010-01-01
2010,"M02","February","",58.5,63.4,53.8,2010-02-01
2010,"M03","March","",58.5,63.6,53.7,2010-03-01
2010,"M04","April","",58.7,64,53.7,2010-04-01
2010,"M05","May","",58.6,63.9,53.6,2010-05-01
2010,"M06","June","",58.5,63.8,53.6,2010-06-01
2010,"M07","July","",58.5,63.9,53.5,2010-07-01
2010,"M08","August","",58.6,63.9,53.5,2010-08-01
2010,"M09","September","",58.5,63.8,53.5,2010-09-01
2010,"M10","October","",58.3,63.6,53.3,2010-10-01
2010,"M11","November","",58.2,63.4,53.4,2010-11-01
2010,"M12","December","",58.3,63.6,53.3,2010-12-01
2011,"M01","January","",58.3,63.7,53.3,2011-01-01
2011,"M02","February","",58.4,63.8,53.2,2011-02-01
2011,"M03","March","",58.4,63.8,53.4,2011-03-01
2011,"M04","April","",58.4,63.7,53.3,2011-04-01
2011,"M05","May","",58.3,63.8,53.2,2011-05-01
2011,"M06","June","",58.2,63.7,53,2011-06-01
2011,"M07","July","",58.2,63.6,53.1,2011-07-01
2011,"M08","August","",58.3,63.9,53.1,2011-08-01
2011,"M09","September","",58.4,63.9,53.2,2011-09-01
2011,"M10","October","",58.4,63.9,53.3,2011-10-01
2011,"M11","November","",58.6,64.3,53.2,2011-11-01
2011,"M12","December","",58.6,64.4,53.1,2011-12-01
2012,"M01","January","",58.4,64.3,52.9,2012-01-01
2012,"M02","February","",58.5,64.3,53.1,2012-02-01
2012,"M03","March","",58.5,64.3,53.2,2012-03-01
2012,"M04","April","",58.4,64.3,53,2012-04-01
2012,"M05","May","",58.5,64.3,53.1,2012-05-01
2012,"M06","June","",58.6,64.4,53.2,2012-06-01
2012,"M07","July","",58.5,64.3,53,2012-07-01
2012,"M08","August","",58.4,64.1,53.1,2012-08-01
2012,"M09","September","",58.7,64.5,53.3,2012-09-01
2012,"M10","October","",58.8,64.7,53.3,2012-10-01
2012,"M11","November","",58.7,64.6,53.2,2012-11-01
2012,"M12","December","",58.7,64.6,53.2,2012-12-01
2013,"M01","January","",58.6,64.5,53,2013-01-01
2013,"M02","February","",58.6,64.5,53,2013-02-01
2013,"M03","March","",58.5,64.5,52.9,2013-03-01
2013,"M04","April","",58.6,64.4,53.2,2013-04-01
2013,"M05","May","",58.6,64.4,53.2,2013-05-01
2013,"M06","June","",58.6,64.5,53.2,2013-06-01
2013,"M07","July","",58.7,64.4,53.4,2013-07-01
2013,"M08","August","",58.7,64.3,53.5,2013-08-01
2013,"M09","September","",58.7,64.4,53.3,2013-09-01
2013,"M10","October","",58.3,64,52.9,2013-10-01
2013,"M11","November","",58.6,64.5,53.1,2013-11-01
2013,"M12","December","",58.7,64.5,53.2,2013-12-01
2014,"M01","January","",58.8,64.5,53.4,2014-01-01
2014,"M02","February","",58.7,64.3,53.6,2014-02-01
2014,"M03","March","",58.9,64.8,53.4,2014-03-01
2014,"M04","April","",58.9,64.6,53.5,2014-04-01
2014,"M05","May","",58.9,64.6,53.5,2014-05-01
2014,"M06","June","",59,64.9,53.5,2014-06-01
2014,"M07","July","",59,65,53.4,2014-07-01
2014,"M08","August","",59,65,53.4,2014-08-01
2014,"M09","September","",59.1,65.2,53.4,2014-09-01
2014,"M10","October","",59.3,65.3,53.7,2014-10-01
2014,"M11","November","",59.2,65.1,53.7,2014-11-01
2014,"M12","December","",59.3,65.3,53.6,2014-12-01
2015,"M01","January","",59.3,65.3,53.7,2015-01-01
2015,"M02","February","",59.2,65.3,53.6,2015-02-01
2015,"M03","March","",59.2,65.3,53.6,2015-03-01
2015,"M04","April","",59.3,65.5,53.6,2015-04-01
2015,"M05","May","",59.4,65.5,53.8,2015-05-01
2015,"M06","June","",59.4,65.3,53.8,2015-06-01
2015,"M07","July","",59.3,65.4,53.6,2015-07-01
2015,"M08","August","",59.4,65.4,53.8,2015-08-01
2015,"M09","September","",59.2,65.3,53.5,2015-09-01
2015,"M10","October","",59.3,65.3,53.7,2015-10-01
2015,"M11","November","",59.4,65.2,54,2015-11-01
2015,"M12","December","",59.6,65.5,54.1,2015-12-01
2016,"M01","January","",59.7,65.7,54.1,2016-01-01
2016,"M02","February","",59.8,65.9,54.1,2016-02-01
2016,"M03","March","",59.8,65.9,54.2,2016-03-01
2016,"M04","April","",59.7,65.8,54,2016-04-01
2016,"M05","May","",59.7,65.7,54.1,2016-05-01
2016,"M06","June","",59.7,65.9,53.9,2016-06-01
2016,"M07","July","",59.8,65.8,54.1,2016-07-01
2016,"M08","August","",59.8,65.9,54.1,2016-08-01
2016,"M09","September","",59.7,65.8,54.1,2016-09-01
2016,"M10","October","",59.7,65.7,54.1,2016-10-01
2016,"M11","November","",59.7,65.7,54.1,2016-11-01
2016,"M12","December","",59.7,65.7,54.1,2016-12-01
2017,"M01","January","",59.9,65.9,54.2,2017-01-01
2017,"M02","February","",60,65.9,54.4,2017-02-01
2017,"M03","March","",60.2,66,54.7,2017-03-01
2017,"M04","April","",60.2,66.2,54.6,2017-04-01
2017,"M05","May","",60.1,66,54.5,2017-05-01
2017,"M06","June","",60.1,66.1,54.6,2017-06-01
2017,"M07","July","",60.2,66,54.8,2017-07-01
2017,"M08","August","",60.1,66,54.6,2017-08-01
2017,"M09","September","",60.4,66.3,54.8,2017-09-01
2017,"M10","October","",60.1,66,54.5,2017-10-01
2017,"M11","November","",60.1,65.9,54.6,2017-11-01
2017,"M12","December","",60.1,66.1,54.5,2017-12-01
2018,"M01","January","",60.2,66.3,54.5,2018-01-01
2018,"M02","February","",60.4,66.6,54.7,2018-02-01
2018,"M03","March","",60.4,66.5,54.7,2018-03-01
2018,"M04","April","",60.4,66.5,54.7,2018-04-01
2018,"M05","May","",60.5,66.5,54.8,2018-05-01
2018,"M06","June","",60.4,66.3,54.9,2018-06-01
2018,"M07","July","",60.5,66.3,55.2,2018-07-01
2018,"M08","August","",60.3,66.1,54.8,2018-08-01
2018,"M09","September","",60.4,66.1,55,2018-09-01
2018,"M10","October","",60.5,66.2,55.1,2018-10-01
2018,"M11","November","",60.5,66.4,55.1,2018-11-01
2018,"M12","December","",60.6,66.2,55.2,2018-12-01
2019,"M01","January","",60.6,66.5,55.2,2019-01-01
2019,"M02","February","",60.8,66.5,55.3,2019-02-01
2019,"M03","March","",60.7,66.5,55.2,2019-03-01
2019,"M04","April","",60.6,66.4,55.2,2019-04-01
2019,"M05","May","",60.6,66.5,55,2019-05-01
2019,"M06","June","",60.7,66.6,55.1,2019-06-01
2019,"M07","July","",60.8,66.7,55.2,2019-07-01
2019,"M08","August","",60.8,66.6,55.4,2019-08-01
2019,"M09","September","",60.9,66.6,55.6,2019-09-01
2019,"M10","October","",60.9,66.5,55.7,2019-10-01
2019,"M11","November","",61,66.8,55.5,2019-11-01
2019,"M12","December","",61,66.7,55.7,2019-12-01
2020,"M01","January","",61.1,66.8,55.8,2020-01-01
2020,"M02","February","",61.2,66.8,55.9,2020-02-01
2020,"M03","March","",59.9,65.6,54.6,2020-03-01
2020,"M04","April","",51.3,57.2,45.8,2020-04-01
2020,"M05","May","",52.8,58.6,47.3,2020-05-01
2020,"M06","June","",54.7,60.2,49.5,2020-06-01
2020,"M07","July","",55.2,60.6,50.2,2020-07-01
2020,"M08","August","",56.5,62,51.3,2020-08-01
2020,"M09","September","",56.6,62.3,51.2,2020-09-01
2020,"M10","October","",57.4,63,52.1,2020-10-01
2020,"M11","November","",57.4,62.8,52.3,2020-11-01
2020,"M12","December","",57.4,62.9,52.2,2020-12-01
2021,"M01","January","",57.5,63.2,52.2,2021-01-01
2021,"M02","February","",57.6,63.2,52.5,2021-02-01
2021,"M03","March","",57.8,63.2,52.8,2021-03-01
2021,"M04","April","",57.9,63.4,52.8,2021-04-01
2021,"M05","May","",58,63.5,52.9,2021-05-01
2021,"M06","June","",58,63.5,52.9,2021-06-01
2021,"M07","July","",58.4,63.8,53.3,2021-07-01
2021,"M08","August","",58.5,64.1,53.4,2021-08-01
2021,"M09","September","",58.8,64.4,53.5,2021-09-01
2021,"M10","October","",58.9,64.6,53.6,2021-10-01
2021,"M11","November","",59.3,65,53.9,2021-11-01
2021,"M12","December","",59.5,65.1,54.3,2021-12-01
2022,"M01","January","",59.7,65.1,54.6,2022-01-01
2022,"M02","February","",59.9,65.7,54.4,2022-02-01
2022,"M03","March","",60.1,65.8,54.8,2022-03-01
2022,"M04","April","",60,65.5,54.8,2022-04-01
2022,"M05","May","",60.1,65.6,54.9,2022-05-01
2022,"M06","June","",59.9,65.4,54.7,2022-06-01
2022,"M07","July","",60,65.2,55,2022-07-01
2022,"M08","August","",60.1,65.3,55.1,2022-08-01
